date,temperature_C,radiation_mGy_day,microgravity_stress
2016-01-01,22.48,0.39,0.5
2016-01-02,19.31,0.406,0.506
2016-01-03,23.24,0.436,0.512
2016-01-04,27.62,0.339,0.518
2016-01-05,18.83,0.394,0.525
2016-01-06,18.83,0.344,0.531
2016-01-07,27.9,0.403,0.537
2016-01-08,23.84,0.345,0.543
2016-01-09,17.65,0.37,0.549
2016-01-10,22.71,0.34,0.555
2016-01-11,17.68,0.423,0.561
2016-01-12,17.67,0.433,0.567
2016-01-13,21.21,0.378,0.573
2016-01-14,10.43,0.392,0.58
2016-01-15,11.38,0.318,0.586
2016-01-16,17.19,0.375,0.592
2016-01-17,14.94,0.387,0.598
2016-01-18,21.57,0.521,0.604
2016-01-19,15.46,0.334,0.61
2016-01-20,12.94,0.463,0.616
2016-01-21,27.33,0.44,0.622
2016-01-22,18.87,0.404,0.628
2016-01-23,20.34,0.478,0.634
2016-01-24,12.88,0.409,0.639
2016-01-25,17.28,0.409,0.645
2016-01-26,20.55,0.387,0.651
2016-01-27,14.25,0.451,0.657
2016-01-28,21.88,0.445,0.663
2016-01-29,17.0,0.359,0.669
2016-01-30,18.54,0.324,0.674
2016-01-31,16.99,0.38,0.68
2016-02-01,29.26,0.35,0.686
2016-02-02,19.93,0.387,0.692
2016-02-03,14.71,0.452,0.697
2016-02-04,24.11,0.367,0.703
2016-02-05,13.9,0.388,0.709
2016-02-06,21.04,0.393,0.714
2016-02-07,10.2,0.432,0.72
2016-02-08,13.36,0.278,0.725
2016-02-09,20.98,0.36,0.731
2016-02-10,23.69,0.401,0.736
2016-02-11,20.86,0.45,0.741
2016-02-12,19.42,0.365,0.747
2016-02-13,18.49,0.296,0.752
2016-02-14,12.61,0.421,0.757
2016-02-15,16.4,0.358,0.763
2016-02-16,17.7,0.331,0.768
2016-02-17,25.29,0.359,0.773
2016-02-18,21.72,0.381,0.778
2016-02-19,11.18,0.36,0.783
2016-02-20,21.62,0.28,0.788
2016-02-21,18.07,0.435,0.793
2016-02-22,16.62,0.454,0.798
2016-02-23,23.06,0.423,0.803
2016-02-24,25.15,0.333,0.808
2016-02-25,24.66,0.38,0.813
2016-02-26,15.8,0.39,0.818
2016-02-27,18.45,0.42,0.822
2016-02-28,21.66,0.423,0.827
2016-02-29,24.88,0.353,0.832
2016-03-01,17.6,0.394,0.836
2016-03-02,19.07,0.413,0.841
2016-03-03,14.47,0.463,0.845
2016-03-04,14.02,0.425,0.85
2016-03-05,24.06,0.429,0.854
2016-03-06,26.78,0.394,0.858
2016-03-07,19.64,0.461,0.863
2016-03-08,25.02,0.41,0.867
2016-03-09,21.81,0.347,0.871
2016-03-10,16.77,0.46,0.875
2016-03-11,21.81,0.425,0.879
2016-03-12,27.69,0.368,0.883
2016-03-13,19.82,0.366,0.887
2016-03-14,27.82,0.405,0.891
2016-03-15,6.9,0.413,0.895
2016-03-16,24.11,0.4,0.898
2016-03-17,20.44,0.406,0.902
2016-03-18,18.5,0.475,0.906
2016-03-19,20.46,0.444,0.909
2016-03-20,10.06,0.4,0.913
2016-03-21,18.9,0.437,0.916
2016-03-22,21.79,0.338,0.92
2016-03-23,27.39,0.41,0.923
2016-03-24,17.41,0.48,0.926
2016-03-25,15.96,0.379,0.929
2016-03-26,17.49,0.348,0.932
2016-03-27,24.58,0.357,0.935
2016-03-28,21.64,0.336,0.938
2016-03-29,17.35,0.351,0.941
2016-03-30,22.57,0.371,0.944
2016-03-31,20.49,0.32,0.947
2016-04-01,24.84,0.391,0.95
2016-04-02,16.49,0.435,0.952
2016-04-03,18.36,0.345,0.955
2016-04-04,18.04,0.466,0.957
2016-04-05,12.68,0.416,0.96
2016-04-06,21.48,0.442,0.962
2016-04-07,21.31,0.357,0.965
2016-04-08,20.03,0.433,0.967
2016-04-09,18.83,0.335,0.969
2016-04-10,12.92,0.435,0.971
2016-04-11,17.9,0.399,0.973
2016-04-12,18.29,0.418,0.975
2016-04-13,15.99,0.331,0.977
2016-04-14,19.19,0.345,0.979
2016-04-15,22.02,0.42,0.98
2016-04-16,29.43,0.343,0.982
2016-04-17,20.87,0.413,0.984
2016-04-18,21.29,0.322,0.985
2016-04-19,19.63,0.432,0.987
2016-04-20,10.41,0.328,0.988
2016-04-21,19.87,0.418,0.989
2016-04-22,20.3,0.421,0.991
2016-04-23,32.32,0.355,0.992
2016-04-24,19.04,0.419,0.993
2016-04-25,21.51,0.403,0.994
2016-04-26,19.83,0.363,0.995
2016-04-27,14.16,0.34,0.996
2016-04-28,25.71,0.292,0.996
2016-04-29,23.76,0.407,0.997
2016-04-30,23.96,0.312,0.998
2016-05-01,15.45,0.395,0.998
2016-05-02,27.01,0.377,0.999
2016-05-03,12.99,0.424,0.999
2016-05-04,22.93,0.375,0.999
2016-05-05,30.95,0.374,1.0
2016-05-06,15.05,0.427,1.0
2016-05-07,17.17,0.407,1.0
2016-05-08,20.5,0.406,1.0
2016-05-09,17.48,0.413,1.0
2016-05-10,12.25,0.313,1.0
2016-05-11,20.34,0.428,1.0
2016-05-12,14.69,0.421,0.999
2016-05-13,22.37,0.339,0.999
2016-05-14,15.4,0.378,0.999
2016-05-15,27.75,0.388,0.998
2016-05-16,16.08,0.383,0.997
2016-05-17,18.39,0.407,0.997
2016-05-18,24.07,0.462,0.996
2016-05-19,13.85,0.444,0.995
2016-05-20,21.14,0.324,0.994
2016-05-21,26.54,0.421,0.993
2016-05-22,11.96,0.456,0.992
2016-05-23,20.92,0.409,0.991
2016-05-24,21.3,0.445,0.99
2016-05-25,23.91,0.491,0.989
2016-05-26,13.82,0.441,0.988
2016-05-27,13.4,0.402,0.986
2016-05-28,22.61,0.442,0.985
2016-05-29,21.48,0.397,0.983
2016-05-30,21.25,0.391,0.982
2016-05-31,21.73,0.372,0.98
2016-06-01,16.6,0.468,0.978
2016-06-02,21.16,0.349,0.976
2016-06-03,21.47,0.467,0.974
2016-06-04,16.43,0.415,0.972
2016-06-05,29.33,0.32,0.97
2016-06-06,22.37,0.408,0.968
2016-06-07,14.04,0.285,0.966
2016-06-08,23.28,0.421,0.964
2016-06-09,15.13,0.434,0.961
2016-06-10,23.94,0.36,0.959
2016-06-11,25.79,0.396,0.956
2016-06-12,15.9,0.488,0.954
2016-06-13,24.82,0.365,0.951
2016-06-14,22.06,0.337,0.949
2016-06-15,24.11,0.464,0.946
2016-06-16,29.48,0.488,0.943
2016-06-17,18.77,0.39,0.94
2016-06-18,16.23,0.441,0.937
2016-06-19,15.55,0.457,0.934
2016-06-20,15.92,0.353,0.931
2016-06-21,19.61,0.366,0.928
2016-06-22,21.71,0.452,0.925
2016-06-23,21.38,0.474,0.922
2016-06-24,24.14,0.418,0.918
2016-06-25,20.07,0.346,0.915
2016-06-26,27.27,0.489,0.911
2016-06-27,18.68,0.363,0.908
2016-06-28,33.6,0.373,0.904
2016-06-29,23.13,0.407,0.901
2016-06-30,15.71,0.468,0.897
2016-07-01,14.65,0.433,0.893
2016-07-02,22.41,0.411,0.889
2016-07-03,18.88,0.413,0.885
2016-07-04,23.57,0.392,0.881
2016-07-05,22.37,0.418,0.877
2016-07-06,19.64,0.264,0.873
2016-07-07,15.77,0.375,0.869
2016-07-08,12.43,0.402,0.865
2016-07-09,17.77,0.332,0.861
2016-07-10,24.28,0.409,0.857
2016-07-11,21.07,0.38,0.852
2016-07-12,13.77,0.478,0.848
2016-07-13,20.87,0.469,0.843
2016-07-14,21.93,0.367,0.839
2016-07-15,15.58,0.382,0.834
2016-07-16,20.77,0.386,0.83
2016-07-17,20.29,0.367,0.825
2016-07-18,14.29,0.4,0.82
2016-07-19,21.79,0.352,0.816
2016-07-20,22.8,0.333,0.811
2016-07-21,25.42,0.421,0.806
2016-07-22,25.27,0.421,0.801
2016-07-23,13.11,0.35,0.796
2016-07-24,15.31,0.435,0.791
2016-07-25,22.58,0.358,0.786
2016-07-26,22.57,0.403,0.781
2016-07-27,22.58,150.431,0.776
2016-07-28,39.26,0.388,0.771
2016-07-29,22.85,0.413,0.766
2016-07-30,25.68,0.364,0.761
2016-07-31,24.77,0.38,0.755
2016-08-01,23.26,0.38,0.75
2016-08-02,18.42,0.353,0.745
2016-08-03,23.79,0.381,0.739
2016-08-04,16.14,0.313,0.734
2016-08-05,18.82,0.365,0.728
2016-08-06,17.57,0.376,0.723
2016-08-07,20.41,0.377,0.717
2016-08-08,31.57,0.378,0.712
2016-08-09,10.66,0.387,0.706
2016-08-10,23.43,0.414,0.701
2016-08-11,11.94,0.434,0.695
2016-08-12,17.64,0.358,0.689
2016-08-13,25.44,0.33,0.684
2016-08-14,20.32,0.338,0.678
2016-08-15,14.61,0.366,0.672
2016-08-16,16.42,0.372,0.666
2016-08-17,23.4,0.352,0.661
2016-08-18,16.35,0.325,0.655
2016-08-19,21.08,0.367,0.649
2016-08-20,20.23,0.399,0.643
2016-08-21,16.74,0.42,0.637
2016-08-22,30.72,0.362,0.631
2016-08-23,23.17,0.369,0.625
2016-08-24,9.87,0.344,0.619
2016-08-25,20.93,0.388,0.613
2016-08-26,16.69,0.348,0.607
2016-08-27,24.26,0.419,0.601
2016-08-28,16.04,0.301,0.595
2016-08-29,19.43,0.372,0.589
2016-08-30,22.52,0.405,0.583
2016-08-31,24.33,0.399,0.577
2016-09-01,14.0,0.525,0.571
2016-09-02,18.33,0.407,0.565
2016-09-03,17.63,0.34,0.559
2016-09-04,16.73,0.385,0.553
2016-09-05,28.83,0.301,0.547
2016-09-06,22.02,0.386,0.541
2016-09-07,13.7,0.348,0.534
2016-09-08,24.59,0.436,0.528
2016-09-09,30.61,0.363,0.522
2016-09-10,25.16,0.384,0.516
2016-09-11,12.4,0.358,0.51
2016-09-12,17.58,0.477,0.504
2016-09-13,26.33,0.374,0.498
2016-09-14,16.46,0.482,0.491
2016-09-15,22.22,0.431,0.485
2016-09-16,23.87,0.414,0.479
2016-09-17,15.37,0.408,0.473
2016-09-18,19.7,0.41,0.467
2016-09-19,3.79,0.294,0.461
2016-09-20,14.88,0.376,0.455
2016-09-21,18.74,0.432,0.448
2016-09-22,13.76,0.388,0.442
2016-09-23,28.16,0.32,0.436
2016-09-24,12.85,0.387,0.43
2016-09-25,17.8,0.475,0.424
2016-09-26,20.65,0.452,0.418
2016-09-27,27.21,0.387,0.412
2016-09-28,12.82,0.438,0.406
2016-09-29,25.82,0.372,0.4
2016-09-30,20.05,0.305,0.394
2016-10-01,15.09,0.344,0.388
2016-10-02,22.31,0.468,0.382
2016-10-03,21.0,0.376,0.376
2016-10-04,17.0,0.378,0.37
2016-10-05,20.35,0.375,0.364
2016-10-06,18.07,0.485,0.358
2016-10-07,20.57,0.471,0.352
2016-10-08,23.31,0.501,0.346
2016-10-09,27.93,0.382,0.341
2016-10-10,13.81,0.405,0.335
2016-10-11,30.67,0.314,0.329
2016-10-12,10.24,0.464,0.323
2016-10-13,19.24,0.332,0.317
2016-10-14,22.94,0.401,0.312
2016-10-15,21.4,0.335,0.306
2016-10-16,16.89,0.361,0.3
2016-10-17,18.96,0.348,0.295
2016-10-18,17.53,0.36,0.289
2016-10-19,17.05,0.363,0.284
2016-10-20,24.25,0.363,0.278
2016-10-21,21.79,0.432,0.273
2016-10-22,16.54,0.335,0.267
2016-10-23,24.5,0.401,0.262
2016-10-24,21.54,0.451,0.256
2016-10-25,24.06,0.364,0.251
2016-10-26,23.15,0.354,0.246
2016-10-27,15.86,0.378,0.24
2016-10-28,17.2,0.449,0.235
2016-10-29,23.74,0.4,0.23
2016-10-30,23.05,0.363,0.225
2016-10-31,19.9,80.414,0.22
2016-11-01,20.59,0.335,0.215
2016-11-02,26.39,0.424,0.21
2016-11-03,17.04,0.41,0.205
2016-11-04,22.74,0.375,0.2
2016-11-05,18.99,0.348,0.195
2016-11-06,18.91,0.346,0.19
2016-11-07,25.49,0.417,0.185
2016-11-08,24.13,0.451,0.18
2016-11-09,24.07,0.358,0.176
2016-11-10,26.53,0.413,0.171
2016-11-11,20.11,0.286,0.167
2016-11-12,23.41,0.361,0.162
2016-11-13,18.45,0.388,0.157
2016-11-14,21.62,0.345,0.153
2016-11-15,19.35,0.343,0.149
2016-11-16,20.48,0.357,0.144
2016-11-17,22.98,0.405,0.14
2016-11-18,15.91,0.381,0.136
2016-11-19,30.46,0.278,0.132
2016-11-20,14.97,0.284,0.127
2016-11-21,13.93,0.36,0.123
2016-11-22,25.79,0.413,0.119
2016-11-23,23.96,0.253,0.115
2016-11-24,23.12,0.365,0.112
2016-11-25,23.14,0.364,0.108
2016-11-26,19.94,0.459,0.104
2016-11-27,15.51,0.371,0.1
2016-11-28,20.38,0.409,0.097
2016-11-29,16.61,0.397,0.093
2016-11-30,24.88,0.283,0.089
2016-12-01,19.26,0.428,0.086
2016-12-02,15.87,0.401,0.082
2016-12-03,18.39,0.415,0.079
2016-12-04,22.06,0.586,0.076
2016-12-05,17.18,0.286,0.073
2016-12-06,15.89,150.476,0.069
2016-12-07,21.22,0.376,0.066
2016-12-08,21.22,0.404,0.063
2016-12-09,17.47,0.388,0.06
2016-12-10,17.64,0.369,0.057
2016-12-11,21.16,0.362,0.055
2016-12-12,12.76,0.406,0.052
2016-12-13,12.96,0.314,0.049
2016-12-14,16.41,0.428,0.047
2016-12-15,18.93,0.369,0.044
2016-12-16,21.55,0.333,0.042
2016-12-17,27.38,0.367,0.039
2016-12-18,24.29,0.453,0.037
2016-12-19,19.2,0.363,0.034
2016-12-20,19.9,0.408,0.032
2016-12-21,14.99,0.353,0.03
2016-12-22,19.91,0.428,0.028
2016-12-23,18.56,0.424,0.026
2016-12-24,21.61,0.482,0.024
2016-12-25,15.86,0.381,0.022
2016-12-26,22.6,0.423,0.021
2016-12-27,27.66,0.395,0.019
2016-12-28,19.46,0.455,0.017
2016-12-29,22.01,0.354,0.016
2016-12-30,23.45,0.427,0.014
2016-12-31,17.99,0.38,0.013
2017-01-01,21.12,0.387,0.011
2017-01-02,20.06,0.395,0.01
2017-01-03,20.49,0.403,0.009
2017-01-04,16.13,0.384,0.008
2017-01-05,20.12,0.401,0.007
2017-01-06,22.49,0.469,0.006
2017-01-07,27.26,0.439,0.005
2017-01-08,24.8,0.433,0.004
2017-01-09,30.77,0.367,0.003
2017-01-10,16.16,0.346,0.003
2017-01-11,24.36,0.438,0.002
2017-01-12,20.92,0.434,0.002
2017-01-13,30.95,0.464,0.001
2017-01-14,15.96,0.36,0.001
2017-01-15,15.8,0.379,0.0
2017-01-16,17.0,0.308,0.0
2017-01-17,9.38,0.37,0.0
2017-01-18,17.37,0.44,0.0
2017-01-19,16.2,0.367,0.0
2017-01-20,20.75,0.422,0.0
2017-01-21,21.71,0.38,0.0
2017-01-22,29.38,0.406,0.0
2017-01-23,24.75,0.333,0.001
2017-01-24,17.12,0.394,0.001
2017-01-25,15.51,0.24,0.002
2017-01-26,22.46,150.381,0.002
2017-01-27,13.4,0.308,0.003
2017-01-28,29.16,0.45,0.003
2017-01-29,25.9,0.429,0.004
2017-01-30,17.65,0.413,0.005
2017-01-31,11.43,0.466,0.006
2017-02-01,26.77,0.343,0.007
2017-02-02,19.43,0.477,0.008
2017-02-03,26.19,0.437,0.009
2017-02-04,12.03,0.378,0.01
2017-02-05,17.0,0.447,0.012
2017-02-06,20.03,0.335,0.013
2017-02-07,20.23,0.349,0.014
2017-02-08,17.75,0.36,0.016
2017-02-09,23.11,0.364,0.018
2017-02-10,14.66,0.337,0.019
2017-02-11,19.29,0.451,0.021
2017-02-12,20.6,0.377,0.023
2017-02-13,22.57,0.408,0.025
2017-02-14,23.56,0.361,0.026
2017-02-15,14.38,0.299,0.028
2017-02-16,12.33,0.404,0.031
2017-02-17,26.39,0.294,0.033
2017-02-18,21.66,0.387,0.035
2017-02-19,16.26,0.322,0.037
2017-02-20,27.76,0.489,0.04
2017-02-21,20.58,0.436,0.042
2017-02-22,25.9,0.395,0.045
2017-02-23,20.34,0.453,0.047
2017-02-24,30.3,0.348,0.05
2017-02-25,28.78,0.417,0.052
2017-02-26,18.76,0.4,0.055
2017-02-27,24.86,0.403,0.058
2017-02-28,23.23,0.454,0.061
2017-03-01,26.84,0.427,0.064
2017-03-02,15.18,0.404,0.067
2017-03-03,23.43,0.307,0.07
2017-03-04,25.29,0.342,0.073
2017-03-05,11.21,0.384,0.076
2017-03-06,14.08,0.395,0.08
2017-03-07,9.8,0.333,0.083
2017-03-08,18.65,0.511,0.087
2017-03-09,23.59,0.466,0.09
2017-03-10,27.51,0.42,0.094
2017-03-11,20.37,0.394,0.097
2017-03-12,28.14,0.379,0.101
2017-03-13,13.1,0.342,0.105
2017-03-14,11.48,0.394,0.108
2017-03-15,19.72,0.403,0.112
2017-03-16,21.92,0.328,0.116
2017-03-17,19.84,0.407,0.12
2017-03-18,9.66,0.382,0.124
2017-03-19,19.55,0.295,0.128
2017-03-20,13.48,0.347,0.132
2017-03-21,23.35,0.369,0.137
2017-03-22,21.83,0.484,0.141
2017-03-23,15.3,0.418,0.145
2017-03-24,17.43,0.323,0.15
2017-03-25,14.7,0.414,0.154
2017-03-26,19.69,0.313,0.158
2017-03-27,24.78,0.444,0.163
2017-03-28,15.07,0.366,0.167
2017-03-29,22.52,0.385,0.172
2017-03-30,17.35,150.456,0.177
2017-03-31,16.04,0.326,0.181
2017-04-01,19.46,0.32,0.186
2017-04-02,14.82,0.361,0.191
2017-04-03,17.23,0.442,0.196
2017-04-04,14.01,0.314,0.201
2017-04-05,29.82,0.248,0.206
2017-04-06,20.18,0.367,0.211
2017-04-07,16.5,0.418,0.216
2017-04-08,21.07,0.45,0.221
2017-04-09,19.44,0.367,0.226
2017-04-10,18.9,0.369,0.231
2017-04-11,23.07,0.448,0.236
2017-04-12,23.79,0.297,0.242
2017-04-13,17.35,0.371,0.247
2017-04-14,17.12,0.4,0.252
2017-04-15,18.62,0.412,0.257
2017-04-16,8.49,0.365,0.263
2017-04-17,12.42,0.392,0.268
2017-04-18,26.83,0.266,0.274
2017-04-19,28.22,0.357,0.279
2017-04-20,18.75,0.413,0.285
2017-04-21,22.88,0.341,0.29
2017-04-22,21.56,0.393,0.296
2017-04-23,35.39,0.412,0.302
2017-04-24,25.6,0.373,0.307
2017-04-25,19.36,0.399,0.313
2017-04-26,15.22,0.342,0.319
2017-04-27,11.97,0.38,0.324
2017-04-28,21.02,0.421,0.33
2017-04-29,16.22,0.398,0.336
2017-04-30,12.89,0.361,0.342
2017-05-01,16.77,0.401,0.348
2017-05-02,14.59,0.426,0.353
2017-05-03,28.44,0.288,0.359
2017-05-04,24.41,0.448,0.365
2017-05-05,19.96,0.373,0.371
2017-05-06,27.4,0.411,0.377
2017-05-07,20.39,0.45,0.383
2017-05-08,15.69,0.321,0.389
2017-05-09,27.62,0.355,0.395
2017-05-10,22.69,0.376,0.401
2017-05-11,14.81,0.351,0.407
2017-05-12,19.05,0.477,0.413
2017-05-13,15.62,0.347,0.419
2017-05-14,13.09,0.362,0.425
2017-05-15,24.63,0.4,0.431
2017-05-16,29.55,0.33,0.437
2017-05-17,13.01,0.37,0.444
2017-05-18,22.81,0.406,0.45
2017-05-19,16.75,0.373,0.456
2017-05-20,17.56,0.385,0.462
2017-05-21,17.04,0.364,0.468
2017-05-22,15.68,0.314,0.474
2017-05-23,20.24,0.406,0.48
2017-05-24,15.85,0.478,0.486
2017-05-25,21.35,0.391,0.493
2017-05-26,19.75,0.401,0.499
2017-05-27,18.81,0.425,0.505
2017-05-28,15.46,0.327,0.511
2017-05-29,17.12,0.475,0.517
2017-05-30,23.78,0.4,0.523
2017-05-31,22.5,0.472,0.529
2017-06-01,15.11,0.353,0.536
2017-06-02,20.5,0.481,0.542
2017-06-03,23.76,0.429,0.548
2017-06-04,11.65,0.418,0.554
2017-06-05,22.72,0.402,0.56
2017-06-06,16.69,0.378,0.566
2017-06-07,22.85,0.45,0.572
2017-06-08,16.18,0.397,0.578
2017-06-09,10.98,0.292,0.584
2017-06-10,11.86,0.334,0.59
2017-06-11,20.24,0.381,0.596
2017-06-12,21.3,0.405,0.603
2017-06-13,15.48,0.387,0.609
2017-06-14,23.19,0.451,0.615
2017-06-15,11.69,0.292,0.62
2017-06-16,19.67,0.397,0.626
2017-06-17,13.94,0.299,0.632
2017-06-18,16.74,0.428,0.638
2017-06-19,20.24,0.385,0.644
2017-06-20,15.7,0.411,0.65
2017-06-21,18.08,0.347,0.656
2017-06-22,25.03,0.454,0.662
2017-06-23,17.12,0.442,0.668
2017-06-24,24.18,0.419,0.673
2017-06-25,14.35,0.384,0.679
2017-06-26,22.65,0.419,0.685
2017-06-27,27.21,0.355,0.69
2017-06-28,7.64,0.433,0.696
2017-06-29,16.02,0.472,0.702
2017-06-30,22.89,0.444,0.707
2017-07-01,18.98,0.354,0.713
2017-07-02,21.86,0.408,0.719
2017-07-03,16.98,0.325,0.724
2017-07-04,20.43,0.419,0.73
2017-07-05,19.22,0.413,0.735
2017-07-06,25.84,0.297,0.74
2017-07-07,21.27,0.332,0.746
2017-07-08,21.69,0.376,0.751
2017-07-09,17.94,0.375,0.756
2017-07-10,17.56,0.33,0.762
2017-07-11,17.84,0.409,0.767
2017-07-12,21.97,0.403,0.772
2017-07-13,17.9,0.38,0.777
2017-07-14,21.45,0.352,0.782
2017-07-15,30.38,0.442,0.787
2017-07-16,24.36,0.473,0.792
2017-07-17,18.37,0.366,0.797
2017-07-18,26.01,0.359,0.802
2017-07-19,17.96,0.415,0.807
2017-07-20,9.81,0.372,0.812
2017-07-21,14.96,0.383,0.817
2017-07-22,10.65,0.427,0.821
2017-07-23,18.24,0.295,0.826
2017-07-24,20.09,0.456,0.831
2017-07-25,28.38,80.394,0.835
2017-07-26,21.63,0.369,0.84
2017-07-27,18.9,0.386,0.844
2017-07-28,24.15,0.388,0.849
2017-07-29,8.94,0.303,0.853
2017-07-30,21.18,0.465,0.857
2017-07-31,23.85,0.392,0.862
2017-08-01,12.61,0.412,0.866
2017-08-02,25.72,0.438,0.87
2017-08-03,21.69,0.339,0.874
2017-08-04,17.92,0.414,0.878
2017-08-05,23.16,0.377,0.882
2017-08-06,31.35,0.432,0.886
2017-08-07,20.91,0.284,0.89
2017-08-08,21.24,0.385,0.894
2017-08-09,17.7,0.36,0.898
2017-08-10,15.75,0.412,0.901
2017-08-11,24.15,0.414,0.905
2017-08-12,15.72,0.355,0.909
2017-08-13,20.36,0.354,0.912
2017-08-14,17.61,0.384,0.915
2017-08-15,22.39,0.345,0.919
2017-08-16,21.67,0.432,0.922
2017-08-17,25.19,0.372,0.925
2017-08-18,17.45,0.245,0.929
2017-08-19,18.65,0.371,0.932
2017-08-20,15.11,0.338,0.935
2017-08-21,17.78,0.308,0.938
2017-08-22,21.89,0.328,0.941
2017-08-23,23.78,0.395,0.944
2017-08-24,15.39,0.456,0.946
2017-08-25,24.35,0.406,0.949
2017-08-26,26.78,0.36,0.952
2017-08-27,22.07,0.413,0.954
2017-08-28,29.38,0.367,0.957
2017-08-29,16.13,0.355,0.959
2017-08-30,13.78,0.332,0.962
2017-08-31,11.11,0.302,0.964
2017-09-01,27.48,0.371,0.966
2017-09-02,23.27,0.398,0.969
2017-09-03,19.72,0.385,0.971
2017-09-04,21.4,0.369,0.973
2017-09-05,14.37,0.343,0.975
2017-09-06,32.23,0.42,0.977
2017-09-07,20.65,0.324,0.978
2017-09-08,20.55,0.429,0.98
2017-09-09,23.63,0.34,0.982
2017-09-10,22.41,0.352,0.983
2017-09-11,21.12,0.317,0.985
2017-09-12,16.05,0.365,0.986
2017-09-13,22.36,0.439,0.988
2017-09-14,29.41,0.416,0.989
2017-09-15,26.73,0.439,0.99
2017-09-16,27.97,0.416,0.992
2017-09-17,17.44,0.335,0.993
2017-09-18,15.05,0.373,0.994
2017-09-19,19.37,0.351,0.995
2017-09-20,20.28,0.457,0.995
2017-09-21,25.47,0.33,0.996
2017-09-22,11.54,0.435,0.997
2017-09-23,27.65,0.435,0.998
2017-09-24,19.21,0.481,0.998
2017-09-25,17.87,0.37,0.999
2017-09-26,14.94,0.426,0.999
2017-09-27,11.73,0.504,0.999
2017-09-28,24.12,0.359,1.0
2017-09-29,20.37,0.313,1.0
2017-09-30,13.55,0.296,1.0
2017-10-01,13.52,0.426,1.0
2017-10-02,18.32,0.296,1.0
2017-10-03,28.35,0.371,1.0
2017-10-04,18.7,0.412,1.0
2017-10-05,12.48,0.399,0.999
2017-10-06,18.77,0.411,0.999
2017-10-07,18.64,0.401,0.999
2017-10-08,6.52,0.454,0.998
2017-10-09,19.73,0.342,0.998
2017-10-10,18.85,0.356,0.997
2017-10-11,23.48,0.351,0.996
2017-10-12,29.24,0.432,0.995
2017-10-13,25.63,0.435,0.995
2017-10-14,18.66,0.413,0.994
2017-10-15,14.47,0.449,0.993
2017-10-16,32.87,0.331,0.992
2017-10-17,20.3,0.473,0.99
2017-10-18,20.07,0.466,0.989
2017-10-19,19.88,0.427,0.988
2017-10-20,20.99,0.479,0.986
2017-10-21,19.28,0.307,0.985
2017-10-22,17.13,0.364,0.983
2017-10-23,17.27,0.353,0.982
2017-10-24,19.84,0.426,0.98
2017-10-25,17.28,0.337,0.978
2017-10-26,16.44,0.428,0.977
2017-10-27,20.53,0.459,0.975
2017-10-28,18.73,0.425,0.973
2017-10-29,27.52,0.404,0.971
2017-10-30,6.75,0.341,0.969
2017-10-31,25.46,0.348,0.966
2017-11-01,26.23,0.452,0.964
2017-11-02,9.63,0.429,0.962
2017-11-03,18.29,0.388,0.959
2017-11-04,18.14,0.369,0.957
2017-11-05,12.96,0.289,0.954
2017-11-06,16.11,0.336,0.952
2017-11-07,14.45,0.486,0.949
2017-11-08,28.76,0.326,0.946
2017-11-09,24.68,0.399,0.944
2017-11-10,26.36,0.44,0.941
2017-11-11,23.61,0.327,0.938
2017-11-12,14.35,0.399,0.935
2017-11-13,17.38,0.437,0.932
2017-11-14,22.45,0.391,0.929
2017-11-15,13.89,0.533,0.925
2017-11-16,23.56,0.307,0.922
2017-11-17,18.8,0.443,0.919
2017-11-18,18.13,0.381,0.915
2017-11-19,23.55,0.429,0.912
2017-11-20,22.22,0.412,0.909
2017-11-21,18.2,0.353,0.905
2017-11-22,25.8,0.401,0.901
2017-11-23,14.59,0.297,0.898
2017-11-24,23.08,0.42,0.894
2017-11-25,22.97,0.405,0.89
2017-11-26,18.45,0.422,0.886
2017-11-27,21.63,0.443,0.882
2017-11-28,13.74,0.408,0.878
2017-11-29,24.62,0.397,0.874
2017-11-30,19.08,0.346,0.87
2017-12-01,17.39,0.354,0.866
2017-12-02,25.25,0.449,0.862
2017-12-03,16.48,0.462,0.857
2017-12-04,12.96,0.378,0.853
2017-12-05,12.22,0.392,0.849
2017-12-06,23.03,0.345,0.844
2017-12-07,13.6,0.449,0.84
2017-12-08,28.77,0.423,0.835
2017-12-09,9.59,0.487,0.831
2017-12-10,28.48,0.346,0.826
2017-12-11,21.06,0.371,0.821
2017-12-12,19.52,0.402,0.817
2017-12-13,17.28,0.422,0.812
2017-12-14,22.0,0.379,0.807
2017-12-15,19.81,0.346,0.802
2017-12-16,25.52,0.434,0.797
2017-12-17,20.57,0.426,0.792
2017-12-18,20.75,0.344,0.787
2017-12-19,18.18,0.458,0.782
2017-12-20,19.72,0.449,0.777
2017-12-21,21.54,0.397,0.772
2017-12-22,11.45,0.394,0.767
2017-12-23,13.26,0.418,0.762
2017-12-24,23.72,0.347,0.756
2017-12-25,20.85,0.392,0.751
2017-12-26,19.08,0.282,0.746
2017-12-27,20.09,0.434,0.74
2017-12-28,21.74,0.312,0.735
2017-12-29,17.3,0.465,0.73
2017-12-30,16.11,0.373,0.724
2017-12-31,20.98,0.379,0.719
2018-01-01,15.11,0.359,0.713
2018-01-02,22.04,0.376,0.707
2018-01-03,11.49,0.461,0.702
2018-01-04,25.15,0.266,0.696
2018-01-05,22.36,0.454,0.69
2018-01-06,21.28,0.407,0.685
2018-01-07,24.91,0.33,0.679
2018-01-08,28.33,0.336,0.673
2018-01-09,25.07,0.474,0.668
2018-01-10,10.8,0.343,0.662
2018-01-11,13.6,0.332,0.656
2018-01-12,16.88,0.447,0.65
2018-01-13,20.13,0.407,0.644
2018-01-14,22.59,0.343,0.638
2018-01-15,16.37,0.401,0.632
2018-01-16,20.93,0.339,0.626
2018-01-17,16.22,0.445,0.62
2018-01-18,16.94,0.443,0.615
2018-01-19,12.97,0.417,0.609
2018-01-20,15.38,0.408,0.603
2018-01-21,13.24,0.478,0.596
2018-01-22,15.12,0.39,0.59
2018-01-23,25.27,0.331,0.584
2018-01-24,15.25,0.412,0.578
2018-01-25,33.16,0.494,0.572
2018-01-26,22.47,0.339,0.566
2018-01-27,20.92,0.372,0.56
2018-01-28,15.71,0.411,0.554
2018-01-29,23.5,0.387,0.548
2018-01-30,17.12,0.341,0.542
2018-01-31,20.61,0.446,0.536
2018-02-01,32.8,0.506,0.529
2018-02-02,19.52,0.4,0.523
2018-02-03,25.75,0.345,0.517
2018-02-04,16.48,0.313,0.511
2018-02-05,19.83,0.403,0.505
2018-02-06,28.85,0.445,0.499
2018-02-07,16.87,0.414,0.493
2018-02-08,29.06,0.39,0.486
2018-02-09,23.54,0.361,0.48
2018-02-10,17.19,0.335,0.474
2018-02-11,23.16,0.432,0.468
2018-02-12,24.86,0.436,0.462
2018-02-13,23.11,0.313,0.456
2018-02-14,12.15,0.469,0.45
2018-02-15,16.36,0.419,0.444
2018-02-16,18.76,0.46,0.437
2018-02-17,19.63,0.323,0.431
2018-02-18,23.1,0.322,0.425
2018-02-19,20.89,0.383,0.419
2018-02-20,13.32,0.415,0.413
2018-02-21,21.9,0.48,0.407
2018-02-22,23.05,0.425,0.401
2018-02-23,22.8,0.378,0.395
2018-02-24,25.4,0.339,0.389
2018-02-25,24.17,0.452,0.383
2018-02-26,22.3,0.342,0.377
2018-02-27,19.65,0.471,0.371
2018-02-28,11.7,0.376,0.365
2018-03-01,22.15,0.47,0.359
2018-03-02,21.04,0.424,0.353
2018-03-03,21.36,0.383,0.348
2018-03-04,13.62,0.364,0.342
2018-03-05,14.59,0.373,0.336
2018-03-06,25.27,0.411,0.33
2018-03-07,19.8,0.394,0.324
2018-03-08,23.41,0.36,0.319
2018-03-09,20.14,0.382,0.313
2018-03-10,20.15,0.394,0.307
2018-03-11,24.69,0.284,0.302
2018-03-12,17.42,0.413,0.296
2018-03-13,20.48,0.341,0.29
2018-03-14,17.69,0.332,0.285
2018-03-15,17.83,0.306,0.279
2018-03-16,18.45,0.3,0.274
2018-03-17,21.11,0.322,0.268
2018-03-18,17.61,0.355,0.263
2018-03-19,26.28,0.488,0.257
2018-03-20,15.53,0.364,0.252
2018-03-21,19.07,0.399,0.247
2018-03-22,17.8,0.41,0.242
2018-03-23,27.23,0.397,0.236
2018-03-24,20.98,0.386,0.231
2018-03-25,25.16,0.33,0.226
2018-03-26,12.57,0.463,0.221
2018-03-27,21.34,0.48,0.216
2018-03-28,24.45,0.306,0.211
2018-03-29,20.41,0.339,0.206
2018-03-30,25.33,0.376,0.201
2018-03-31,17.41,0.342,0.196
2018-04-01,27.05,0.415,0.191
2018-04-02,31.49,0.354,0.186
2018-04-03,18.19,0.498,0.181
2018-04-04,17.77,0.45,0.177
2018-04-05,27.27,0.401,0.172
2018-04-06,27.9,0.441,0.167
2018-04-07,17.39,0.445,0.163
2018-04-08,17.9,0.362,0.158
2018-04-09,18.59,0.349,0.154
2018-04-10,13.28,0.394,0.15
2018-04-11,15.41,0.433,0.145
2018-04-12,14.98,0.397,0.141
2018-04-13,16.16,0.311,0.137
2018-04-14,19.83,0.35,0.132
2018-04-15,21.17,0.386,0.128
2018-04-16,27.75,0.386,0.124
2018-04-17,15.01,0.489,0.12
2018-04-18,24.92,0.321,0.116
2018-04-19,18.93,0.415,0.112
2018-04-20,19.75,0.464,0.108
2018-04-21,23.37,0.504,0.105
2018-04-22,14.39,0.37,0.101
2018-04-23,21.91,0.415,0.097
2018-04-24,20.83,0.418,0.094
2018-04-25,22.46,0.4,0.09
2018-04-26,21.45,0.385,0.087
2018-04-27,32.28,0.412,0.083
2018-04-28,16.81,0.263,0.08
2018-04-29,17.35,0.424,0.076
2018-04-30,16.88,0.396,0.073
2018-05-01,17.22,0.379,0.07
2018-05-02,16.81,0.492,0.067
2018-05-03,25.95,0.356,0.064
2018-05-04,27.1,0.37,0.061
2018-05-05,17.15,0.49,0.058
2018-05-06,15.84,0.348,0.055
2018-05-07,22.36,0.362,0.052
2018-05-08,17.24,0.383,0.05
2018-05-09,23.16,0.432,0.047
2018-05-10,21.01,0.4,0.045
2018-05-11,12.42,0.325,0.042
2018-05-12,27.74,0.363,0.04
2018-05-13,28.98,0.36,0.037
2018-05-14,16.94,0.386,0.035
2018-05-15,18.06,0.411,0.033
2018-05-16,21.43,0.411,0.031
2018-05-17,21.67,0.301,0.028
2018-05-18,23.29,0.443,0.026
2018-05-19,30.05,0.403,0.025
2018-05-20,19.12,0.459,0.023
2018-05-21,16.01,0.412,0.021
2018-05-22,13.1,0.445,0.019
2018-05-23,16.35,0.413,0.018
2018-05-24,19.83,0.457,0.016
2018-05-25,28.97,0.416,0.014
2018-05-26,17.41,0.385,0.013
2018-05-27,21.12,0.504,0.012
2018-05-28,19.92,0.434,0.01
2018-05-29,25.94,0.419,0.009
2018-05-30,32.63,0.326,0.008
2018-05-31,17.35,0.326,0.007
2018-06-01,17.55,0.405,0.006
2018-06-02,25.22,0.397,0.005
2018-06-03,23.41,0.359,0.004
2018-06-04,29.23,0.397,0.003
2018-06-05,22.92,0.469,0.003
2018-06-06,18.2,0.425,0.002
2018-06-07,22.95,0.333,0.002
2018-06-08,25.54,0.384,0.001
2018-06-09,24.1,0.35,0.001
2018-06-10,22.54,0.371,0.0
2018-06-11,25.33,0.369,0.0
2018-06-12,25.85,0.366,0.0
2018-06-13,26.91,0.327,0.0
2018-06-14,23.24,0.384,0.0
2018-06-15,19.16,0.362,0.0
2018-06-16,20.73,0.244,0.0
2018-06-17,26.03,0.493,0.0
2018-06-18,15.92,0.444,0.001
2018-06-19,21.84,0.371,0.001
2018-06-20,18.03,0.391,0.002
2018-06-21,20.14,0.331,0.002
2018-06-22,26.39,0.475,0.003
2018-06-23,20.96,0.485,0.003
2018-06-24,20.23,0.398,0.004
2018-06-25,13.2,0.441,0.005
2018-06-26,23.73,0.399,0.006
2018-06-27,23.23,0.323,0.007
2018-06-28,30.82,0.369,0.008
2018-06-29,18.46,0.397,0.009
2018-06-30,21.1,0.367,0.01
2018-07-01,21.25,0.379,0.011
2018-07-02,27.89,0.385,0.013
2018-07-03,19.52,0.386,0.014
2018-07-04,21.4,0.393,0.016
2018-07-05,23.04,0.337,0.017
2018-07-06,20.93,0.354,0.019
2018-07-07,17.77,0.326,0.021
2018-07-08,20.97,0.439,0.022
2018-07-09,25.37,0.285,0.024
2018-07-10,14.87,0.448,0.026
2018-07-11,20.66,0.459,0.028
2018-07-12,16.5,0.375,0.03
2018-07-13,25.98,0.26,0.032
2018-07-14,12.38,0.372,0.034
2018-07-15,17.21,0.387,0.037
2018-07-16,21.89,0.339,0.039
2018-07-17,27.83,0.364,0.042
2018-07-18,19.67,0.467,0.044
2018-07-19,17.22,0.423,0.047
2018-07-20,29.41,0.344,0.049
2018-07-21,12.76,0.31,0.052
2018-07-22,9.01,0.374,0.055
2018-07-23,22.2,0.379,0.057
2018-07-24,17.49,0.415,0.06
2018-07-25,14.89,0.363,0.063
2018-07-26,23.54,0.416,0.066
2018-07-27,21.22,0.487,0.069
2018-07-28,17.18,0.431,0.073
2018-07-29,13.6,0.388,0.076
2018-07-30,24.36,0.381,0.079
2018-07-31,23.25,0.372,0.082
2018-08-01,19.5,0.449,0.086
2018-08-02,29.23,0.359,0.089
2018-08-03,14.65,0.392,0.093
2018-08-04,12.37,0.393,0.097
2018-08-05,16.54,0.365,0.1
2018-08-06,19.77,0.321,0.104
2018-08-07,21.22,0.406,0.108
2018-08-08,18.79,0.387,0.112
2018-08-09,21.76,0.415,0.115
2018-08-10,13.74,0.363,0.119
2018-08-11,27.22,0.451,0.123
2018-08-12,19.59,0.346,0.127
2018-08-13,25.59,0.476,0.132
2018-08-14,21.71,0.303,0.136
2018-08-15,22.28,0.412,0.14
2018-08-16,22.85,0.414,0.144
2018-08-17,22.24,0.35,0.149
2018-08-18,23.21,0.411,0.153
2018-08-19,26.65,0.454,0.157
2018-08-20,20.98,0.279,0.162
2018-08-21,23.55,0.415,0.167
2018-08-22,19.55,0.265,0.171
2018-08-23,27.2,0.342,0.176
2018-08-24,16.62,0.471,0.18
2018-08-25,29.0,0.361,0.185
2018-08-26,19.8,0.331,0.19
2018-08-27,12.85,0.38,0.195
2018-08-28,20.64,0.493,0.2
2018-08-29,16.59,0.298,0.205
2018-08-30,24.2,0.337,0.21
2018-08-31,16.74,0.465,0.215
2018-09-01,17.77,0.483,0.22
2018-09-02,10.55,0.385,0.225
2018-09-03,17.74,0.328,0.23
2018-09-04,7.88,0.495,0.235
2018-09-05,12.08,0.47,0.24
2018-09-06,23.8,0.424,0.246
2018-09-07,23.93,0.349,0.251
2018-09-08,22.13,0.388,0.256
2018-09-09,15.17,0.382,0.262
2018-09-10,19.76,0.407,0.267
2018-09-11,19.98,0.463,0.273
2018-09-12,14.21,0.434,0.278
2018-09-13,27.52,0.336,0.284
2018-09-14,24.39,0.459,0.289
2018-09-15,18.9,0.406,0.295
2018-09-16,20.13,0.424,0.3
2018-09-17,21.04,0.463,0.306
2018-09-18,9.79,0.334,0.312
2018-09-19,18.76,0.388,0.317
2018-09-20,16.59,0.363,0.323
2018-09-21,14.99,0.312,0.329
2018-09-22,18.59,0.407,0.335
2018-09-23,28.99,0.516,0.341
2018-09-24,23.2,0.298,0.346
2018-09-25,17.14,0.388,0.352
2018-09-26,22.86,0.422,0.358
2018-09-27,27.0,0.396,0.364
2018-09-28,24.62,0.384,0.37
2018-09-29,20.3,0.325,0.376
2018-09-30,16.77,0.402,0.382
2018-10-01,23.49,0.352,0.388
2018-10-02,21.97,0.281,0.394
2018-10-03,24.48,0.45,0.4
2018-10-04,23.18,0.438,0.406
2018-10-05,25.25,0.393,0.412
2018-10-06,17.32,0.401,0.418
2018-10-07,26.59,0.444,0.424
2018-10-08,20.99,0.401,0.43
2018-10-09,30.38,0.435,0.436
2018-10-10,16.55,0.375,0.442
2018-10-11,28.68,0.456,0.448
2018-10-12,20.99,0.406,0.455
2018-10-13,16.74,0.4,0.461
2018-10-14,17.58,0.326,0.467
2018-10-15,18.4,0.404,0.473
2018-10-16,22.12,0.348,0.479
2018-10-17,22.61,0.358,0.485
2018-10-18,17.13,0.349,0.491
2018-10-19,19.88,0.337,0.498
2018-10-20,30.71,0.496,0.504
2018-10-21,28.64,0.457,0.51
2018-10-22,22.18,0.486,0.516
2018-10-23,20.19,0.329,0.522
2018-10-24,20.6,0.394,0.528
2018-10-25,23.07,0.325,0.534
2018-10-26,14.89,0.355,0.541
2018-10-27,18.71,0.344,0.547
2018-10-28,11.66,0.452,0.553
2018-10-29,22.0,0.37,0.559
2018-10-30,23.24,0.443,0.565
2018-10-31,17.58,0.42,0.571
2018-11-01,27.87,0.505,0.577
2018-11-02,13.87,0.316,0.583
2018-11-03,12.68,0.453,0.589
2018-11-04,21.12,0.447,0.595
2018-11-05,25.24,0.341,0.601
2018-11-06,28.42,0.44,0.607
2018-11-07,17.71,0.407,0.613
2018-11-08,25.39,0.379,0.619
2018-11-09,19.81,0.349,0.625
2018-11-10,19.14,0.354,0.631
2018-11-11,24.42,0.492,0.637
2018-11-12,23.26,0.39,0.643
2018-11-13,12.12,0.429,0.649
2018-11-14,27.38,0.35,0.655
2018-11-15,26.9,0.351,0.661
2018-11-16,16.87,0.444,0.666
2018-11-17,21.98,0.323,0.672
2018-11-18,22.47,0.369,0.678
2018-11-19,21.3,0.392,0.684
2018-11-20,17.25,0.396,0.689
2018-11-21,16.64,0.381,0.695
2018-11-22,19.87,0.41,0.701
2018-11-23,25.86,0.425,0.706
2018-11-24,22.72,0.427,0.712
2018-11-25,18.15,0.341,0.717
2018-11-26,23.86,0.376,0.723
2018-11-27,5.76,0.45,0.728
2018-11-28,25.74,0.435,0.734
2018-11-29,11.3,0.321,0.739
2018-11-30,18.19,0.408,0.745
2018-12-01,14.4,0.291,0.75
2018-12-02,13.53,0.392,0.755
2018-12-03,25.8,0.485,0.761
2018-12-04,17.66,0.343,0.766
2018-12-05,21.73,0.348,0.771
2018-12-06,19.77,0.428,0.776
2018-12-07,22.39,0.313,0.781
2018-12-08,20.38,150.358,0.786
2018-12-09,13.59,0.42,0.791
2018-12-10,24.98,0.358,0.796
2018-12-11,17.53,0.378,0.801
2018-12-12,12.22,0.427,0.806
2018-12-13,17.86,0.411,0.811
2018-12-14,27.5,0.403,0.816
2018-12-15,24.25,0.373,0.82
2018-12-16,18.26,0.409,0.825
2018-12-17,18.25,0.384,0.83
2018-12-18,18.39,0.413,0.834
2018-12-19,30.38,0.365,0.839
2018-12-20,21.91,0.381,0.843
2018-12-21,22.15,0.341,0.848
2018-12-22,25.15,0.388,0.852
2018-12-23,21.19,0.349,0.857
2018-12-24,18.7,0.334,0.861
2018-12-25,19.02,0.403,0.865
2018-12-26,19.64,0.401,0.869
2018-12-27,19.81,0.429,0.873
2018-12-28,23.64,0.368,0.877
2018-12-29,20.26,0.41,0.881
2018-12-30,23.66,0.418,0.885
2018-12-31,19.6,0.412,0.889
2019-01-01,20.39,0.349,0.893
2019-01-02,10.01,0.397,0.897
2019-01-03,24.58,0.408,0.901
2019-01-04,21.73,0.39,0.904
2019-01-05,24.99,0.286,0.908
2019-01-06,5.52,0.398,0.911
2019-01-07,30.44,0.501,0.915
2019-01-08,19.3,0.372,0.918
2019-01-09,25.54,0.354,0.922
2019-01-10,14.8,0.409,0.925
2019-01-11,23.06,0.406,0.928
2019-01-12,14.73,0.45,0.931
2019-01-13,16.88,0.327,0.934
2019-01-14,29.57,0.427,0.937
2019-01-15,19.05,0.42,0.94
2019-01-16,21.09,0.383,0.943
2019-01-17,24.35,0.407,0.946
2019-01-18,22.48,0.441,0.949
2019-01-19,20.75,0.434,0.951
2019-01-20,21.82,0.333,0.954
2019-01-21,32.02,0.431,0.956
2019-01-22,19.71,0.387,0.959
2019-01-23,21.01,0.394,0.961
2019-01-24,25.25,0.394,0.964
2019-01-25,25.53,0.382,0.966
2019-01-26,25.94,0.45,0.968
2019-01-27,23.19,0.386,0.97
2019-01-28,14.28,0.334,0.972
2019-01-29,28.17,0.37,0.974
2019-01-30,14.27,0.399,0.976
2019-01-31,21.51,0.451,0.978
2019-02-01,16.23,0.42,0.98
2019-02-02,19.68,0.347,0.982
2019-02-03,21.64,0.514,0.983
2019-02-04,21.61,0.403,0.985
2019-02-05,22.11,0.454,0.986
2019-02-06,28.07,0.382,0.988
2019-02-07,22.27,0.417,0.989
2019-02-08,18.78,0.432,0.99
2019-02-09,24.82,0.451,0.991
2019-02-10,25.95,0.443,0.992
2019-02-11,13.86,0.434,0.993
2019-02-12,22.99,0.374,0.994
2019-02-13,23.51,0.361,0.995
2019-02-14,18.51,0.407,0.996
2019-02-15,26.88,0.437,0.997
2019-02-16,19.25,0.379,0.997
2019-02-17,20.63,0.443,0.998
2019-02-18,19.13,0.463,0.999
2019-02-19,20.08,0.344,0.999
2019-02-20,14.52,0.348,0.999
2019-02-21,12.8,0.383,1.0
2019-02-22,27.97,0.405,1.0
2019-02-23,15.77,0.364,1.0
2019-02-24,15.04,0.458,1.0
2019-02-25,9.23,0.411,1.0
2019-02-26,16.81,0.392,1.0
2019-02-27,13.38,0.318,1.0
2019-02-28,28.21,0.324,0.999
2019-03-01,25.05,0.404,0.999
2019-03-02,16.56,0.283,0.999
2019-03-03,31.26,0.441,0.998
2019-03-04,24.91,0.382,0.998
2019-03-05,18.38,0.552,0.997
2019-03-06,7.5,0.505,0.996
2019-03-07,31.45,0.381,0.996
2019-03-08,13.05,0.385,0.995
2019-03-09,11.77,0.44,0.994
2019-03-10,25.11,0.475,0.993
2019-03-11,32.2,0.308,0.992
2019-03-12,26.92,0.301,0.991
2019-03-13,22.82,0.359,0.989
2019-03-14,22.97,0.419,0.988
2019-03-15,24.27,0.415,0.987
2019-03-16,23.79,0.443,0.985
2019-03-17,21.41,0.33,0.984
2019-03-18,20.52,0.274,0.982
2019-03-19,19.69,0.433,0.98
2019-03-20,16.23,0.349,0.979
2019-03-21,18.6,0.289,0.977
2019-03-22,11.54,0.397,0.975
2019-03-23,19.51,0.43,0.973
2019-03-24,15.06,0.384,0.971
2019-03-25,14.48,0.367,0.969
2019-03-26,20.9,0.382,0.967
2019-03-27,26.96,0.371,0.965
2019-03-28,24.59,0.323,0.962
2019-03-29,12.15,0.354,0.96
2019-03-30,15.05,0.416,0.957
2019-03-31,24.7,0.406,0.955
2019-04-01,15.09,0.398,0.952
2019-04-02,18.88,0.34,0.95
2019-04-03,22.75,0.381,0.947
2019-04-04,15.16,0.281,0.944
2019-04-05,20.53,0.399,0.941
2019-04-06,13.33,0.461,0.938
2019-04-07,16.99,0.316,0.935
2019-04-08,21.6,0.361,0.932
2019-04-09,12.04,0.406,0.929
2019-04-10,22.2,0.453,0.926
2019-04-11,19.9,0.368,0.923
2019-04-12,22.76,0.355,0.92
2019-04-13,21.12,0.292,0.916
2019-04-14,26.82,0.395,0.913
2019-04-15,20.63,80.492,0.909
2019-04-16,17.85,0.404,0.906
2019-04-17,20.61,0.389,0.902
2019-04-18,22.72,0.406,0.898
2019-04-19,20.24,0.389,0.895
2019-04-20,20.2,0.349,0.891
2019-04-21,16.49,0.431,0.887
2019-04-22,16.69,0.401,0.883
2019-04-23,12.99,0.391,0.879
2019-04-24,28.75,0.341,0.875
2019-04-25,13.78,0.455,0.871
2019-04-26,16.54,0.423,0.867
2019-04-27,16.41,0.362,0.863
2019-04-28,24.47,0.44,0.858
2019-04-29,18.53,0.365,0.854
2019-04-30,26.24,0.351,0.85
2019-05-01,16.63,0.352,0.845
2019-05-02,21.39,0.301,0.841
2019-05-03,15.82,0.414,0.836
2019-05-04,30.73,0.298,0.832
2019-05-05,14.06,0.329,0.827
2019-05-06,21.55,0.286,0.822
2019-05-07,23.17,0.386,0.818
2019-05-08,22.07,0.382,0.813
2019-05-09,19.07,0.374,0.808
2019-05-10,19.35,0.338,0.803
2019-05-11,20.22,0.331,0.798
2019-05-12,19.26,0.413,0.793
2019-05-13,24.82,0.362,0.788
2019-05-14,31.05,0.406,0.783
2019-05-15,17.21,0.346,0.778
2019-05-16,13.15,0.399,0.773
2019-05-17,19.56,0.455,0.768
2019-05-18,32.9,0.419,0.763
2019-05-19,15.98,0.369,0.757
2019-05-20,28.2,0.403,0.752
2019-05-21,28.39,0.378,0.747
2019-05-22,17.23,0.39,0.741
2019-05-23,22.84,0.374,0.736
2019-05-24,28.14,0.382,0.731
2019-05-25,18.1,0.401,0.725
2019-05-26,18.98,0.34,0.72
2019-05-27,17.09,0.339,0.714
2019-05-28,14.93,0.321,0.709
2019-05-29,16.75,0.31,0.703
2019-05-30,13.88,0.329,0.697
2019-05-31,20.17,0.398,0.692
2019-06-01,16.15,0.345,0.686
2019-06-02,21.17,0.416,0.68
2019-06-03,12.22,0.392,0.674
2019-06-04,21.65,0.292,0.669
2019-06-05,24.17,0.423,0.663
2019-06-06,10.03,0.431,0.657
2019-06-07,21.87,0.34,0.651
2019-06-08,26.14,0.411,0.645
2019-06-09,13.95,0.347,0.639
2019-06-10,28.36,0.395,0.634
2019-06-11,22.1,0.327,0.628
2019-06-12,16.47,0.3,0.622
2019-06-13,19.72,0.371,0.616
2019-06-14,22.79,0.384,0.61
2019-06-15,20.38,0.37,0.604
2019-06-16,22.69,0.331,0.598
2019-06-17,15.4,0.37,0.592
2019-06-18,20.85,0.403,0.586
2019-06-19,12.93,0.388,0.58
2019-06-20,19.44,0.399,0.573
2019-06-21,15.48,0.356,0.567
2019-06-22,16.32,0.449,0.561
2019-06-23,26.18,0.331,0.555
2019-06-24,25.46,0.414,0.549
2019-06-25,23.05,0.449,0.543
2019-06-26,14.54,0.414,0.537
2019-06-27,18.42,0.38,0.531
2019-06-28,26.07,0.364,0.525
2019-06-29,20.71,0.442,0.518
2019-06-30,31.6,0.319,0.512
2019-07-01,21.97,0.341,0.506
2019-07-02,20.96,0.37,0.5
2019-07-03,18.45,0.452,0.494
2019-07-04,20.67,0.409,0.488
2019-07-05,19.24,0.342,0.482
2019-07-06,23.54,0.374,0.475
2019-07-07,24.78,0.359,0.469
2019-07-08,16.07,0.355,0.463
2019-07-09,13.34,0.439,0.457
2019-07-10,10.82,0.321,0.451
2019-07-11,22.54,0.47,0.445
2019-07-12,14.48,0.431,0.439
2019-07-13,9.24,0.445,0.433
2019-07-14,21.94,0.367,0.427
2019-07-15,32.46,0.383,0.42
2019-07-16,19.97,0.318,0.414
2019-07-17,24.19,0.364,0.408
2019-07-18,20.41,0.415,0.402
2019-07-19,19.51,0.455,0.396
2019-07-20,24.6,0.335,0.39
2019-07-21,18.55,0.372,0.384
2019-07-22,21.34,0.382,0.378
2019-07-23,21.61,0.32,0.372
2019-07-24,16.66,0.42,0.366
2019-07-25,24.96,0.354,0.361
2019-07-26,19.13,0.38,0.355
2019-07-27,16.22,0.367,0.349
2019-07-28,22.68,0.351,0.343
2019-07-29,15.51,0.39,0.337
2019-07-30,20.14,0.379,0.331
2019-07-31,19.95,0.371,0.326
2019-08-01,25.43,0.354,0.32
2019-08-02,22.37,0.406,0.314
2019-08-03,19.87,0.473,0.308
2019-08-04,24.09,0.397,0.303
2019-08-05,26.95,0.44,0.297
2019-08-06,22.79,0.32,0.291
2019-08-07,20.05,0.398,0.286
2019-08-08,13.44,0.335,0.28
2019-08-09,14.67,0.316,0.275
2019-08-10,18.47,0.353,0.269
2019-08-11,16.95,0.45,0.264
2019-08-12,19.07,0.438,0.259
2019-08-13,20.28,0.402,0.253
2019-08-14,22.65,0.313,0.248
2019-08-15,19.65,0.38,0.243
2019-08-16,22.43,0.405,0.237
2019-08-17,20.32,0.399,0.232
2019-08-18,10.12,0.298,0.227
2019-08-19,15.3,0.345,0.222
2019-08-20,19.28,80.387,0.217
2019-08-21,13.95,0.417,0.212
2019-08-22,23.0,0.28,0.207
2019-08-23,27.65,0.382,0.202
2019-08-24,26.09,0.397,0.197
2019-08-25,18.93,0.432,0.192
2019-08-26,27.45,0.425,0.187
2019-08-27,20.74,0.419,0.182
2019-08-28,18.31,0.35,0.178
2019-08-29,16.93,0.295,0.173
2019-08-30,18.49,0.37,0.168
2019-08-31,18.06,0.44,0.164
2019-09-01,20.85,0.46,0.159
2019-09-02,20.8,0.426,0.155
2019-09-03,20.02,0.411,0.15
2019-09-04,22.18,0.409,0.146
2019-09-05,25.95,0.362,0.142
2019-09-06,24.75,0.383,0.137
2019-09-07,12.58,0.473,0.133
2019-09-08,7.23,0.343,0.129
2019-09-09,24.67,0.471,0.125
2019-09-10,13.17,0.374,0.121
2019-09-11,18.88,0.456,0.117
2019-09-12,14.15,0.32,0.113
2019-09-13,10.99,0.419,0.109
2019-09-14,22.71,0.353,0.105
2019-09-15,23.8,0.319,0.102
2019-09-16,17.12,0.401,0.098
2019-09-17,7.04,0.44,0.094
2019-09-18,17.27,0.348,0.091
2019-09-19,21.96,0.315,0.087
2019-09-20,12.61,0.385,0.084
2019-09-21,20.92,0.386,0.08
2019-09-22,19.92,0.417,0.077
2019-09-23,22.9,0.437,0.074
2019-09-24,20.6,0.387,0.071
2019-09-25,15.13,0.483,0.068
2019-09-26,25.98,0.401,0.065
2019-09-27,19.21,0.373,0.062
2019-09-28,19.86,0.309,0.059
2019-09-29,15.33,0.377,0.056
2019-09-30,17.78,0.373,0.053
2019-10-01,15.58,0.438,0.05
2019-10-02,19.14,0.413,0.048
2019-10-03,28.56,0.331,0.045
2019-10-04,13.14,0.399,0.043
2019-10-05,11.93,0.424,0.04
2019-10-06,27.36,0.466,0.038
2019-10-07,18.95,0.434,0.035
2019-10-08,16.65,0.428,0.033
2019-10-09,25.2,0.393,0.031
2019-10-10,16.97,0.409,0.029
2019-10-11,29.13,0.452,0.027
2019-10-12,23.39,0.323,0.025
2019-10-13,17.56,0.373,0.023
2019-10-14,30.79,0.351,0.021
2019-10-15,16.97,0.409,0.02
2019-10-16,23.71,0.452,0.018
2019-10-17,21.5,0.36,0.016
2019-10-18,26.51,0.27,0.015
2019-10-19,27.81,0.369,0.013
2019-10-20,20.16,0.436,0.012
2019-10-21,16.23,0.417,0.011
2019-10-22,22.3,0.411,0.009
2019-10-23,16.61,0.376,0.008
2019-10-24,30.07,0.326,0.007
2019-10-25,20.68,0.416,0.006
2019-10-26,18.17,0.348,0.005
2019-10-27,20.92,0.499,0.004
2019-10-28,13.26,0.419,0.004
2019-10-29,15.14,0.361,0.003
2019-10-30,26.0,0.359,0.002
2019-10-31,16.72,0.385,0.002
2019-11-01,14.77,0.378,0.001
2019-11-02,22.68,0.446,0.001
2019-11-03,25.93,0.399,0.001
2019-11-04,23.59,0.353,0.0
2019-11-05,24.98,0.485,0.0
2019-11-06,16.22,0.392,0.0
2019-11-07,12.89,0.428,0.0
2019-11-08,27.51,0.36,0.0
2019-11-09,18.39,0.408,0.0
2019-11-10,18.75,0.406,0.0
2019-11-11,26.64,0.296,0.001
2019-11-12,22.78,0.491,0.001
2019-11-13,22.28,0.455,0.001
2019-11-14,30.83,0.37,0.002
2019-11-15,16.78,0.335,0.003
2019-11-16,24.64,0.407,0.003
2019-11-17,20.29,0.394,0.004
2019-11-18,21.34,0.408,0.005
2019-11-19,27.64,0.4,0.006
2019-11-20,22.54,0.415,0.007
2019-11-21,22.69,0.462,0.008
2019-11-22,25.36,0.418,0.009
2019-11-23,18.18,0.338,0.01
2019-11-24,15.8,0.458,0.011
2019-11-25,14.78,0.472,0.012
2019-11-26,10.17,0.548,0.014
2019-11-27,30.28,0.334,0.015
2019-11-28,14.48,0.402,0.017
2019-11-29,18.89,0.286,0.018
2019-11-30,18.62,0.418,0.02
2019-12-01,21.54,0.363,0.022
2019-12-02,24.08,0.486,0.024
2019-12-03,24.3,0.351,0.026
2019-12-04,17.08,0.306,0.028
2019-12-05,19.16,0.366,0.03
2019-12-06,21.41,0.291,0.032
2019-12-07,18.76,0.428,0.034
2019-12-08,28.04,0.287,0.036
2019-12-09,22.45,0.391,0.039
2019-12-10,23.67,0.286,0.041
2019-12-11,23.31,0.374,0.044
2019-12-12,25.87,0.472,0.046
2019-12-13,20.91,0.408,0.049
2019-12-14,13.52,0.347,0.051
2019-12-15,22.0,0.388,0.054
2019-12-16,16.74,0.391,0.057
2019-12-17,17.36,0.414,0.06
2019-12-18,22.93,0.322,0.063
2019-12-19,26.19,0.42,0.066
2019-12-20,20.11,0.255,0.069
2019-12-21,21.54,0.359,0.072
2019-12-22,28.51,0.366,0.075
2019-12-23,21.2,0.422,0.078
2019-12-24,33.01,0.391,0.082
2019-12-25,22.83,0.32,0.085
2019-12-26,11.2,0.341,0.089
2019-12-27,23.77,0.4,0.092
2019-12-28,21.91,0.386,0.096
2019-12-29,26.45,0.361,0.099
2019-12-30,23.37,0.366,0.103
2019-12-31,19.31,0.425,0.107
2020-01-01,13.88,0.364,0.111
2020-01-02,18.95,0.386,0.115
2020-01-03,15.75,0.498,0.119
2020-01-04,17.1,0.319,0.123
2020-01-05,22.94,0.297,0.127
2020-01-06,28.35,0.429,0.131
2020-01-07,21.97,0.356,0.135
2020-01-08,14.02,0.374,0.139
2020-01-09,22.22,0.351,0.143
2020-01-10,25.98,0.377,0.148
2020-01-11,16.95,0.47,0.152
2020-01-12,19.33,0.43,0.157
2020-01-13,20.07,0.433,0.161
2020-01-14,16.08,0.319,0.166
2020-01-15,23.24,0.332,0.17
2020-01-16,19.4,0.248,0.175
2020-01-17,22.1,0.35,0.18
2020-01-18,15.56,0.438,0.184
2020-01-19,17.81,0.416,0.189
2020-01-20,23.61,0.379,0.194
2020-01-21,18.14,0.389,0.199
2020-01-22,28.63,0.356,0.204
2020-01-23,18.0,0.4,0.209
2020-01-24,21.12,0.428,0.214
2020-01-25,24.66,0.309,0.219
2020-01-26,12.91,0.405,0.224
2020-01-27,11.2,150.437,0.229
2020-01-28,12.37,0.369,0.234
2020-01-29,26.31,0.425,0.239
2020-01-30,17.24,0.531,0.245
2020-01-31,32.79,0.385,0.25
2020-02-01,17.18,0.41,0.255
2020-02-02,20.92,0.353,0.261
2020-02-03,27.71,0.399,0.266
2020-02-04,30.03,0.413,0.272
2020-02-05,30.31,0.4,0.277
2020-02-06,26.04,0.339,0.283
2020-02-07,25.12,0.4,0.288
2020-02-08,22.96,0.463,0.294
2020-02-09,23.89,0.412,0.299
2020-02-10,17.24,0.438,0.305
2020-02-11,15.91,0.378,0.311
2020-02-12,19.98,0.427,0.316
2020-02-13,19.15,0.404,0.322
2020-02-14,17.73,0.342,0.328
2020-02-15,23.48,0.406,0.334
2020-02-16,24.78,0.34,0.339
2020-02-17,20.44,0.358,0.345
2020-02-18,27.39,0.399,0.351
2020-02-19,14.29,0.405,0.357
2020-02-20,19.03,0.331,0.363
2020-02-21,16.42,0.443,0.369
2020-02-22,10.67,0.419,0.375
2020-02-23,19.59,0.355,0.381
2020-02-24,19.39,0.313,0.387
2020-02-25,27.57,0.383,0.393
2020-02-26,23.15,0.368,0.399
2020-02-27,14.88,0.396,0.405
2020-02-28,29.27,0.372,0.411
2020-02-29,26.11,0.29,0.417
2020-03-01,22.91,0.371,0.423
2020-03-02,18.87,0.375,0.429
2020-03-03,15.2,0.422,0.435
2020-03-04,18.14,0.355,0.441
2020-03-05,25.44,0.474,0.447
2020-03-06,29.42,0.294,0.453
2020-03-07,27.72,0.456,0.459
2020-03-08,17.56,0.379,0.466
2020-03-09,14.4,0.433,0.472
2020-03-10,20.7,0.394,0.478
2020-03-11,11.16,0.447,0.484
2020-03-12,21.62,0.371,0.49
2020-03-13,19.26,0.335,0.496
2020-03-14,17.67,0.461,0.502
2020-03-15,12.03,0.384,0.509
2020-03-16,22.57,0.401,0.515
2020-03-17,17.34,0.452,0.521
2020-03-18,14.15,0.338,0.527
2020-03-19,5.64,0.42,0.533
2020-03-20,19.86,0.361,0.539
2020-03-21,28.86,0.383,0.545
2020-03-22,28.31,0.394,0.552
2020-03-23,17.71,0.315,0.558
2020-03-24,16.99,0.351,0.564
2020-03-25,22.34,0.458,0.57
2020-03-26,15.01,0.434,0.576
2020-03-27,21.51,0.387,0.582
2020-03-28,23.83,0.402,0.588
2020-03-29,26.13,0.375,0.594
2020-03-30,19.5,0.458,0.6
2020-03-31,18.98,0.38,0.606
2020-04-01,15.61,0.402,0.612
2020-04-02,15.87,0.447,0.618
2020-04-03,18.87,0.351,0.624
2020-04-04,21.84,0.468,0.63
2020-04-05,24.57,0.313,0.636
2020-04-06,15.98,0.471,0.642
2020-04-07,27.46,0.371,0.648
2020-04-08,18.64,0.378,0.654
2020-04-09,19.89,0.295,0.659
2020-04-10,16.26,0.367,0.665
2020-04-11,7.88,80.338,0.671
2020-04-12,24.42,0.36,0.677
2020-04-13,23.68,0.383,0.683
2020-04-14,18.59,0.438,0.688
2020-04-15,20.33,0.4,0.694
2020-04-16,22.58,0.405,0.7
2020-04-17,12.19,0.335,0.705
2020-04-18,17.35,0.346,0.711
2020-04-19,23.97,0.48,0.716
2020-04-20,13.73,0.353,0.722
2020-04-21,21.47,0.473,0.727
2020-04-22,13.22,0.378,0.733
2020-04-23,22.33,0.39,0.738
2020-04-24,19.82,0.444,0.744
2020-04-25,11.92,0.454,0.749
2020-04-26,25.82,0.384,0.754
2020-04-27,16.33,0.371,0.76
2020-04-28,15.95,0.387,0.765
2020-04-29,21.0,0.407,0.77
2020-04-30,25.74,0.435,0.775
2020-05-01,14.92,0.39,0.78
2020-05-02,20.31,0.421,0.785
2020-05-03,22.14,0.472,0.79
2020-05-04,23.47,0.409,0.795
2020-05-05,20.88,0.406,0.8
2020-05-06,18.16,0.314,0.805
2020-05-07,15.86,0.258,0.81
2020-05-08,20.43,0.409,0.815
2020-05-09,14.64,0.385,0.82
2020-05-10,5.39,0.364,0.824
2020-05-11,22.18,0.402,0.829
2020-05-12,24.52,0.387,0.833
2020-05-13,8.19,80.446,0.838
2020-05-14,14.95,0.394,0.843
2020-05-15,23.1,0.353,0.847
2020-05-16,30.29,0.44,0.851
2020-05-17,20.1,0.379,0.856
2020-05-18,16.36,0.416,0.86
2020-05-19,19.09,0.366,0.864
2020-05-20,26.87,0.358,0.868
2020-05-21,16.77,0.394,0.873
2020-05-22,16.0,0.391,0.877
2020-05-23,17.59,0.414,0.881
2020-05-24,15.23,0.377,0.885
2020-05-25,20.61,0.298,0.888
2020-05-26,28.12,0.368,0.892
2020-05-27,21.62,0.43,0.896
2020-05-28,18.74,0.375,0.9
2020-05-29,18.54,0.378,0.903
2020-05-30,12.18,0.439,0.907
2020-05-31,24.42,0.354,0.911
2020-06-01,19.61,0.313,0.914
2020-06-02,19.1,0.382,0.918
2020-06-03,35.97,0.366,0.921
2020-06-04,21.49,0.342,0.924
2020-06-05,16.24,0.381,0.927
2020-06-06,17.87,0.415,0.931
2020-06-07,25.74,0.39,0.934
2020-06-08,20.57,0.405,0.937
2020-06-09,12.81,0.481,0.94
2020-06-10,24.6,0.373,0.943
2020-06-11,16.66,0.404,0.945
2020-06-12,29.37,0.365,0.948
2020-06-13,25.4,0.348,0.951
2020-06-14,17.76,0.361,0.953
2020-06-15,26.41,0.366,0.956
2020-06-16,20.34,0.408,0.958
2020-06-17,24.26,0.507,0.961
2020-06-18,22.42,0.354,0.963
2020-06-19,15.77,80.369,0.966
2020-06-20,16.78,0.387,0.968
2020-06-21,25.15,0.41,0.97
2020-06-22,18.33,0.403,0.972
2020-06-23,17.98,0.454,0.974
2020-06-24,15.22,0.269,0.976
2020-06-25,22.12,0.271,0.978
2020-06-26,30.31,0.365,0.979
2020-06-27,14.66,0.445,0.981
2020-06-28,20.12,0.312,0.983
2020-06-29,27.06,0.24,0.984
2020-06-30,19.6,0.419,0.986
2020-07-01,22.26,0.402,0.987
2020-07-02,14.69,0.335,0.989
2020-07-03,22.14,0.341,0.99
2020-07-04,19.06,0.342,0.991
2020-07-05,24.93,0.396,0.992
2020-07-06,25.94,0.359,0.993
2020-07-07,32.95,0.415,0.994
2020-07-08,22.9,0.247,0.995
2020-07-09,21.63,0.347,0.996
2020-07-10,20.97,0.334,0.997
2020-07-11,18.23,0.377,0.997
2020-07-12,21.69,0.363,0.998
2020-07-13,18.52,0.43,0.998
2020-07-14,20.84,0.297,0.999
2020-07-15,26.59,0.392,0.999
2020-07-16,14.97,0.418,1.0
2020-07-17,25.7,0.483,1.0
2020-07-18,26.59,0.366,1.0
2020-07-19,19.41,0.406,1.0
2020-07-20,9.39,0.3,1.0
2020-07-21,16.96,0.27,1.0
2020-07-22,26.48,0.432,1.0
2020-07-23,19.89,0.39,1.0
2020-07-24,15.0,0.449,0.999
2020-07-25,17.48,0.321,0.999
2020-07-26,24.2,0.416,0.998
2020-07-27,22.73,0.483,0.998
2020-07-28,18.81,0.411,0.997
2020-07-29,18.17,0.404,0.997
2020-07-30,18.04,80.39,0.996
2020-07-31,15.39,0.311,0.995
2020-08-01,28.08,0.458,0.994
2020-08-02,18.39,0.359,0.993
2020-08-03,26.09,0.415,0.992
2020-08-04,27.61,0.312,0.991
2020-08-05,24.99,0.331,0.99
2020-08-06,17.84,0.462,0.988
2020-08-07,22.02,0.373,0.987
2020-08-08,19.88,0.463,0.986
2020-08-09,15.48,0.386,0.984
2020-08-10,21.62,0.298,0.982
2020-08-11,14.1,0.435,0.981
2020-08-12,25.94,0.361,0.979
2020-08-13,17.68,0.425,0.977
2020-08-14,21.01,0.391,0.975
2020-08-15,21.42,0.313,0.974
2020-08-16,18.71,0.398,0.972
2020-08-17,22.93,0.5,0.969
2020-08-18,17.63,0.415,0.967
2020-08-19,24.36,0.387,0.965
2020-08-20,13.27,0.444,0.963
2020-08-21,20.63,0.401,0.96
2020-08-22,29.69,0.4,0.958
2020-08-23,15.0,0.335,0.955
2020-08-24,16.61,0.402,0.953
2020-08-25,22.57,0.442,0.95
2020-08-26,20.9,0.348,0.948
2020-08-27,21.75,0.461,0.945
2020-08-28,22.45,0.385,0.942
2020-08-29,23.17,0.346,0.939
2020-08-30,25.55,0.44,0.936
2020-08-31,22.05,0.376,0.933
2020-09-01,18.79,0.428,0.93
2020-09-02,23.36,0.375,0.927
2020-09-03,29.5,0.387,0.924
2020-09-04,19.34,0.415,0.92
2020-09-05,15.13,0.405,0.917
2020-09-06,25.54,0.29,0.913
2020-09-07,19.4,0.334,0.91
2020-09-08,9.14,0.436,0.906
2020-09-09,24.24,0.383,0.903
2020-09-10,17.32,0.364,0.899
2020-09-11,19.55,0.322,0.895
2020-09-12,21.66,0.336,0.892
2020-09-13,20.95,0.289,0.888
2020-09-14,23.55,0.385,0.884
2020-09-15,17.82,0.36,0.88
2020-09-16,22.57,0.342,0.876
2020-09-17,18.7,0.387,0.872
2020-09-18,23.69,0.408,0.868
2020-09-19,23.08,0.495,0.863
2020-09-20,15.32,0.314,0.859
2020-09-21,25.43,0.448,0.855
2020-09-22,17.32,0.439,0.85
2020-09-23,24.04,0.351,0.846
2020-09-24,21.84,0.4,0.842
2020-09-25,29.19,0.367,0.837
2020-09-26,18.88,0.399,0.833
2020-09-27,18.25,0.465,0.828
2020-09-28,19.9,0.42,0.823
2020-09-29,18.48,0.415,0.819
2020-09-30,24.0,0.368,0.814
2020-10-01,11.92,0.316,0.809
2020-10-02,14.73,0.38,0.804
2020-10-03,14.66,0.45,0.799
2020-10-04,24.75,0.314,0.794
2020-10-05,28.55,0.337,0.789
2020-10-06,19.48,0.396,0.784
2020-10-07,19.16,0.341,0.779
2020-10-08,20.35,0.35,0.774
2020-10-09,25.81,0.369,0.769
2020-10-10,15.36,0.322,0.764
2020-10-11,21.19,0.341,0.758
2020-10-12,24.88,0.425,0.753
2020-10-13,22.51,0.325,0.748
2020-10-14,20.95,0.31,0.743
2020-10-15,25.01,0.358,0.737
2020-10-16,6.48,0.427,0.732
2020-10-17,23.39,0.38,0.726
2020-10-18,16.73,0.367,0.721
2020-10-19,10.85,0.392,0.715
2020-10-20,22.56,0.303,0.71
2020-10-21,26.87,0.415,0.704
2020-10-22,19.31,0.409,0.698
2020-10-23,24.76,0.37,0.693
2020-10-24,28.06,0.44,0.687
2020-10-25,26.57,0.334,0.681
2020-10-26,28.2,0.446,0.676
2020-10-27,23.71,0.398,0.67
2020-10-28,20.38,0.373,0.664
2020-10-29,11.99,0.389,0.658
2020-10-30,18.77,0.385,0.652
2020-10-31,15.78,0.451,0.647
2020-11-01,30.85,0.336,0.641
2020-11-02,19.12,0.352,0.635
2020-11-03,20.62,0.442,0.629
2020-11-04,22.76,0.36,0.623
2020-11-05,20.22,0.435,0.617
2020-11-06,28.48,0.475,0.611
2020-11-07,16.89,0.37,0.605
2020-11-08,20.97,0.424,0.599
2020-11-09,16.29,0.332,0.593
2020-11-10,13.4,0.428,0.587
2020-11-11,16.94,0.4,0.581
2020-11-12,19.81,0.414,0.575
2020-11-13,17.85,0.358,0.569
2020-11-14,16.54,0.307,0.563
2020-11-15,12.97,0.415,0.556
2020-11-16,19.58,0.287,0.55
2020-11-17,12.48,0.374,0.544
2020-11-18,23.8,0.437,0.538
2020-11-19,20.41,0.4,0.532
2020-11-20,12.71,0.487,0.526
2020-11-21,18.45,0.441,0.52
2020-11-22,16.24,0.357,0.514
2020-11-23,21.6,0.391,0.507
2020-11-24,26.7,0.388,0.501
2020-11-25,10.62,0.311,0.495
2020-11-26,20.58,0.343,0.489
2020-11-27,19.2,0.362,0.483
2020-11-28,23.36,0.288,0.477
2020-11-29,21.07,0.392,0.471
2020-11-30,16.24,0.378,0.464
2020-12-01,18.4,0.306,0.458
2020-12-02,16.02,0.41,0.452
2020-12-03,25.38,0.426,0.446
2020-12-04,20.11,0.401,0.44
2020-12-05,29.51,0.374,0.434
2020-12-06,19.7,0.42,0.428
2020-12-07,16.46,0.424,0.422
2020-12-08,12.43,0.405,0.416
2020-12-09,10.98,0.349,0.41
2020-12-10,12.08,0.404,0.404
2020-12-11,21.34,0.45,0.397
2020-12-12,22.54,0.36,0.391
2020-12-13,12.09,0.495,0.385
2020-12-14,24.48,0.364,0.38
2020-12-15,17.58,0.392,0.374
2020-12-16,20.73,0.356,0.368
2020-12-17,28.06,0.401,0.362
2020-12-18,24.48,0.303,0.356
2020-12-19,18.66,0.363,0.35
2020-12-20,15.54,0.335,0.344
2020-12-21,9.24,0.397,0.338
2020-12-22,16.4,0.44,0.332
2020-12-23,18.94,0.422,0.327
2020-12-24,15.06,0.271,0.321
2020-12-25,19.34,0.492,0.315
2020-12-26,20.38,0.405,0.31
2020-12-27,18.88,0.351,0.304
2020-12-28,16.75,0.398,0.298
2020-12-29,20.84,0.399,0.293
2020-12-30,22.21,0.357,0.287
2020-12-31,14.55,0.4,0.281
2021-01-01,27.05,0.36,0.276
2021-01-02,19.51,0.37,0.27
2021-01-03,20.09,0.356,0.265
2021-01-04,23.54,0.318,0.26
2021-01-05,21.17,0.397,0.254
2021-01-06,24.77,0.419,0.249
2021-01-07,21.44,0.416,0.244
2021-01-08,16.94,0.431,0.238
2021-01-09,21.81,0.406,0.233
2021-01-10,14.28,0.363,0.228
2021-01-11,20.54,0.432,0.223
2021-01-12,19.83,0.322,0.218
2021-01-13,18.96,0.345,0.213
2021-01-14,19.36,0.342,0.208
2021-01-15,10.59,0.444,0.203
2021-01-16,17.26,0.437,0.198
2021-01-17,20.46,0.414,0.193
2021-01-18,20.8,0.444,0.188
2021-01-19,14.86,0.346,0.183
2021-01-20,26.33,0.407,0.179
2021-01-21,15.67,0.384,0.174
2021-01-22,24.85,0.432,0.169
2021-01-23,22.14,0.384,0.165
2021-01-24,16.77,0.371,0.16
2021-01-25,28.88,0.417,0.156
2021-01-26,14.03,0.434,0.151
2021-01-27,24.6,0.357,0.147
2021-01-28,25.0,0.387,0.143
2021-01-29,16.65,0.337,0.138
2021-01-30,26.96,0.265,0.134
2021-01-31,18.75,0.4,0.13
2021-02-01,21.44,0.42,0.126
2021-02-02,21.3,0.403,0.122
2021-02-03,19.33,0.293,0.118
2021-02-04,24.05,0.372,0.114
2021-02-05,23.97,0.279,0.11
2021-02-06,11.26,0.458,0.106
2021-02-07,26.52,0.336,0.102
2021-02-08,11.69,0.453,0.099
2021-02-09,25.16,0.437,0.095
2021-02-10,25.63,0.345,0.091
2021-02-11,14.55,0.333,0.088
2021-02-12,17.95,0.408,0.085
2021-02-13,14.47,0.348,0.081
2021-02-14,18.93,0.395,0.078
2021-02-15,18.46,0.366,0.075
2021-02-16,23.9,0.301,0.071
2021-02-17,26.55,0.278,0.068
2021-02-18,26.98,0.401,0.065
2021-02-19,17.19,0.362,0.062
2021-02-20,18.95,0.362,0.059
2021-02-21,11.58,0.425,0.056
2021-02-22,15.97,0.449,0.054
2021-02-23,24.82,0.376,0.051
2021-02-24,28.08,0.373,0.048
2021-02-25,13.83,0.415,0.046
2021-02-26,17.04,0.322,0.043
2021-02-27,19.87,0.401,0.041
2021-02-28,21.4,0.418,0.038
2021-03-01,15.95,0.424,0.036
2021-03-02,22.12,0.293,0.034
2021-03-03,17.63,0.352,0.031
2021-03-04,19.93,0.346,0.029
2021-03-05,22.73,0.395,0.027
2021-03-06,20.03,0.414,0.025
2021-03-07,17.82,0.465,0.023
2021-03-08,19.45,0.365,0.022
2021-03-09,19.56,0.365,0.02
2021-03-10,18.15,0.447,0.018
2021-03-11,18.71,0.405,0.017
2021-03-12,27.99,0.453,0.015
2021-03-13,22.8,0.404,0.014
2021-03-14,18.52,0.332,0.012
2021-03-15,23.48,0.323,0.011
2021-03-16,18.33,0.312,0.01
2021-03-17,25.87,0.423,0.008
2021-03-18,21.85,0.449,0.007
2021-03-19,19.46,0.482,0.006
2021-03-20,22.24,0.432,0.005
2021-03-21,12.15,0.448,0.005
2021-03-22,14.37,0.361,0.004
2021-03-23,14.03,0.332,0.003
2021-03-24,20.71,0.433,0.002
2021-03-25,28.66,0.411,0.002
2021-03-26,31.16,0.395,0.001
2021-03-27,23.19,0.409,0.001
2021-03-28,22.5,0.406,0.001
2021-03-29,10.99,0.454,0.0
2021-03-30,17.29,0.455,0.0
2021-03-31,16.06,0.417,0.0
2021-04-01,16.9,0.432,0.0
2021-04-02,19.16,0.416,0.0
2021-04-03,17.64,0.367,0.0
2021-04-04,10.1,0.428,0.0
2021-04-05,23.74,0.32,0.001
2021-04-06,14.64,0.443,0.001
2021-04-07,21.2,0.33,0.001
2021-04-08,30.37,0.404,0.002
2021-04-09,15.4,0.348,0.002
2021-04-10,7.35,0.418,0.003
2021-04-11,18.57,0.388,0.004
2021-04-12,25.5,0.31,0.005
2021-04-13,29.79,0.411,0.005
2021-04-14,13.85,0.361,0.006
2021-04-15,22.48,0.434,0.007
2021-04-16,17.67,0.39,0.008
2021-04-17,19.47,0.41,0.01
2021-04-18,33.22,0.342,0.011
2021-04-19,12.49,0.361,0.012
2021-04-20,21.27,0.367,0.014
2021-04-21,22.34,0.433,0.015
2021-04-22,25.43,0.474,0.017
2021-04-23,20.49,0.35,0.018
2021-04-24,21.54,0.444,0.02
2021-04-25,18.04,0.282,0.022
2021-04-26,21.35,0.33,0.023
2021-04-27,18.28,0.342,0.025
2021-04-28,23.11,0.322,0.027
2021-04-29,18.15,0.311,0.029
2021-04-30,21.89,0.411,0.031
2021-05-01,19.85,0.379,0.034
2021-05-02,25.63,0.409,0.036
2021-05-03,19.74,0.425,0.038
2021-05-04,11.13,0.403,0.041
2021-05-05,26.31,0.423,0.043
2021-05-06,15.47,0.387,0.046
2021-05-07,16.73,0.331,0.048
2021-05-08,17.02,0.443,0.051
2021-05-09,26.87,0.361,0.054
2021-05-10,9.32,0.343,0.056
2021-05-11,35.69,0.381,0.059
2021-05-12,25.28,0.344,0.062
2021-05-13,21.12,0.369,0.065
2021-05-14,19.73,0.407,0.068
2021-05-15,21.43,0.407,0.071
2021-05-16,22.61,0.345,0.075
2021-05-17,23.23,0.366,0.078
2021-05-18,22.78,0.444,0.081
2021-05-19,20.45,0.415,0.085
2021-05-20,19.01,0.494,0.088
2021-05-21,19.24,150.449,0.091
2021-05-22,19.03,0.447,0.095
2021-05-23,25.67,0.321,0.099
2021-05-24,22.97,0.428,0.102
2021-05-25,5.3,0.387,0.106
2021-05-26,23.28,0.362,0.11
2021-05-27,20.97,0.398,0.114
2021-05-28,19.91,80.437,0.118
2021-05-29,18.06,0.415,0.122
2021-05-30,25.62,0.346,0.126
2021-05-31,24.74,0.427,0.13
2021-06-01,16.14,0.358,0.134
2021-06-02,22.04,0.401,0.138
2021-06-03,15.14,0.375,0.143
2021-06-04,13.1,0.379,0.147
2021-06-05,16.87,0.428,0.151
2021-06-06,24.31,0.338,0.156
2021-06-07,24.77,0.487,0.16
2021-06-08,22.57,0.299,0.165
2021-06-09,23.63,0.36,0.169
2021-06-10,22.58,0.409,0.174
2021-06-11,16.79,0.419,0.179
2021-06-12,22.16,0.385,0.183
2021-06-13,24.0,0.387,0.188
2021-06-14,23.77,0.411,0.193
2021-06-15,25.94,0.378,0.198
2021-06-16,23.54,0.46,0.203
2021-06-17,21.76,0.432,0.208
2021-06-18,25.35,0.434,0.213
2021-06-19,19.87,0.342,0.218
2021-06-20,15.59,0.386,0.223
2021-06-21,19.18,0.375,0.228
2021-06-22,16.28,0.34,0.233
2021-06-23,16.62,0.408,0.238
2021-06-24,19.28,0.363,0.244
2021-06-25,16.04,0.423,0.249
2021-06-26,18.46,0.336,0.254
2021-06-27,10.53,0.476,0.26
2021-06-28,21.07,0.345,0.265
2021-06-29,20.01,0.401,0.27
2021-06-30,15.91,0.43,0.276
2021-07-01,23.3,0.361,0.281
2021-07-02,24.69,0.433,0.287
2021-07-03,11.96,0.329,0.293
2021-07-04,16.19,0.463,0.298
2021-07-05,16.15,0.391,0.304
2021-07-06,15.3,0.36,0.31
2021-07-07,24.15,0.375,0.315
2021-07-08,19.03,0.43,0.321
2021-07-09,18.68,0.361,0.327
2021-07-10,9.98,0.353,0.332
2021-07-11,23.18,0.379,0.338
2021-07-12,13.8,0.331,0.344
2021-07-13,20.3,0.481,0.35
2021-07-14,21.39,0.362,0.356
2021-07-15,26.8,0.432,0.362
2021-07-16,13.46,0.4,0.368
2021-07-17,4.9,0.341,0.374
2021-07-18,20.92,0.39,0.38
2021-07-19,29.0,0.429,0.385
2021-07-20,26.19,0.381,0.391
2021-07-21,21.05,0.45,0.397
2021-07-22,17.54,0.441,0.404
2021-07-23,24.04,0.436,0.41
2021-07-24,15.13,0.367,0.416
2021-07-25,22.38,0.336,0.422
2021-07-26,22.53,0.359,0.428
2021-07-27,25.3,0.4,0.434
2021-07-28,33.8,0.417,0.44
2021-07-29,21.96,0.281,0.446
2021-07-30,17.46,0.39,0.452
2021-07-31,19.87,0.398,0.458
2021-08-01,11.15,0.376,0.464
2021-08-02,16.53,0.455,0.471
2021-08-03,17.95,0.411,0.477
2021-08-04,17.38,0.456,0.483
2021-08-05,20.76,0.379,0.489
2021-08-06,15.89,0.437,0.495
2021-08-07,25.61,0.472,0.501
2021-08-08,20.0,0.456,0.507
2021-08-09,19.95,0.335,0.514
2021-08-10,18.36,0.377,0.52
2021-08-11,20.78,0.373,0.526
2021-08-12,24.13,0.414,0.532
2021-08-13,15.66,0.424,0.538
2021-08-14,16.71,0.348,0.544
2021-08-15,18.48,0.393,0.55
2021-08-16,13.27,0.289,0.556
2021-08-17,15.9,0.462,0.563
2021-08-18,17.62,0.364,0.569
2021-08-19,24.37,0.393,0.575
2021-08-20,21.31,0.375,0.581
2021-08-21,20.97,0.447,0.587
2021-08-22,24.25,0.248,0.593
2021-08-23,19.31,0.389,0.599
2021-08-24,21.95,0.385,0.605
2021-08-25,19.48,0.367,0.611
2021-08-26,21.33,0.476,0.617
2021-08-27,17.09,0.346,0.623
2021-08-28,7.81,0.429,0.629
2021-08-29,19.33,0.408,0.635
2021-08-30,27.11,0.453,0.641
2021-08-31,24.63,0.357,0.647
2021-09-01,24.83,0.353,0.652
2021-09-02,26.18,0.445,0.658
2021-09-03,20.44,0.411,0.664
2021-09-04,20.99,0.313,0.67
2021-09-05,16.91,0.363,0.676
2021-09-06,18.42,0.409,0.681
2021-09-07,23.08,0.432,0.687
2021-09-08,26.02,0.356,0.693
2021-09-09,19.3,0.244,0.698
2021-09-10,17.75,0.416,0.704
2021-09-11,20.0,0.329,0.71
2021-09-12,23.01,0.289,0.715
2021-09-13,12.78,0.248,0.721
2021-09-14,8.52,0.431,0.726
2021-09-15,17.25,0.396,0.732
2021-09-16,13.9,0.379,0.737
2021-09-17,17.46,0.459,0.743
2021-09-18,19.26,0.422,0.748
2021-09-19,17.73,0.471,0.753
2021-09-20,27.26,0.32,0.758
2021-09-21,21.63,0.388,0.764
2021-09-22,21.5,0.309,0.769
2021-09-23,23.11,0.379,0.774
2021-09-24,14.31,0.378,0.779
2021-09-25,25.2,0.421,0.784
2021-09-26,19.62,0.392,0.789
2021-09-27,23.35,0.421,0.794
2021-09-28,14.64,0.425,0.799
2021-09-29,12.23,0.498,0.804
2021-09-30,24.09,0.374,0.809
2021-10-01,21.88,0.343,0.814
2021-10-02,15.49,0.402,0.819
2021-10-03,15.65,0.35,0.823
2021-10-04,25.63,0.464,0.828
2021-10-05,14.05,0.376,0.833
2021-10-06,28.21,0.362,0.837
2021-10-07,15.5,0.366,0.842
2021-10-08,23.19,0.426,0.846
2021-10-09,18.36,0.382,0.85
2021-10-10,23.02,0.358,0.855
2021-10-11,17.28,0.473,0.859
2021-10-12,19.19,0.347,0.863
2021-10-13,20.2,0.392,0.868
2021-10-14,14.99,0.423,0.872
2021-10-15,23.7,0.308,0.876
2021-10-16,17.43,0.414,0.88
2021-10-17,18.86,0.337,0.884
2021-10-18,15.03,0.431,0.888
2021-10-19,7.19,0.342,0.892
2021-10-20,19.04,0.425,0.895
2021-10-21,32.06,0.445,0.899
2021-10-22,23.92,0.433,0.903
2021-10-23,19.9,0.403,0.906
2021-10-24,18.69,0.378,0.91
2021-10-25,20.11,0.361,0.913
2021-10-26,22.74,0.464,0.917
2021-10-27,14.1,0.355,0.92
2021-10-28,25.57,0.338,0.924
2021-10-29,23.58,0.423,0.927
2021-10-30,23.59,0.35,0.93
2021-10-31,22.19,0.342,0.933
2021-11-01,20.1,0.318,0.936
2021-11-02,23.36,0.366,0.939
2021-11-03,22.96,0.386,0.942
2021-11-04,18.23,0.402,0.945
2021-11-05,17.13,0.438,0.948
2021-11-06,20.51,0.416,0.95
2021-11-07,27.75,0.38,0.953
2021-11-08,13.8,0.38,0.955
2021-11-09,12.66,0.416,0.958
2021-11-10,20.82,0.454,0.96
2021-11-11,20.25,0.396,0.963
2021-11-12,20.87,0.367,0.965
2021-11-13,21.22,0.34,0.967
2021-11-14,18.88,0.318,0.969
2021-11-15,27.45,0.423,0.972
2021-11-16,12.0,0.419,0.974
2021-11-17,15.86,0.419,0.975
2021-11-18,19.48,0.384,0.977
2021-11-19,11.78,0.46,0.979
2021-11-20,19.12,0.366,0.981
2021-11-21,28.31,0.438,0.982
2021-11-22,20.1,0.388,0.984
2021-11-23,21.15,0.36,0.986
2021-11-24,13.7,0.42,0.987
2021-11-25,16.92,0.41,0.988
2021-11-26,18.12,0.408,0.99
2021-11-27,18.41,0.394,0.991
2021-11-28,26.41,0.388,0.992
2021-11-29,22.79,0.509,0.993
2021-11-30,14.44,0.449,0.994
2021-12-01,21.23,0.426,0.995
2021-12-02,22.49,0.396,0.996
2021-12-03,25.7,0.44,0.997
2021-12-04,27.9,0.416,0.997
2021-12-05,14.92,0.391,0.998
2021-12-06,15.95,0.375,0.998
2021-12-07,13.71,0.386,0.999
2021-12-08,18.83,0.231,0.999
2021-12-09,22.33,0.401,1.0
2021-12-10,24.94,0.366,1.0
2021-12-11,19.62,0.47,1.0
2021-12-12,18.4,0.391,1.0
2021-12-13,20.76,0.331,1.0
2021-12-14,15.82,0.388,1.0
2021-12-15,30.45,0.338,1.0
2021-12-16,11.96,0.414,1.0
2021-12-17,20.92,0.405,0.999
2021-12-18,30.12,0.438,0.999
2021-12-19,20.03,0.35,0.998
2021-12-20,19.05,0.392,0.998
2021-12-21,18.21,0.322,0.997
2021-12-22,19.1,0.425,0.997
2021-12-23,26.86,0.416,0.996
2021-12-24,8.94,0.415,0.995
2021-12-25,27.67,0.39,0.994
2021-12-26,12.88,0.411,0.993
2021-12-27,18.67,0.47,0.992
2021-12-28,17.85,0.376,0.991
2021-12-29,22.94,0.397,0.99
2021-12-30,12.01,0.336,0.989
2021-12-31,22.31,0.347,0.987
2022-01-01,30.12,0.395,0.986
2022-01-02,13.18,0.445,0.984
2022-01-03,20.95,0.377,0.983
2022-01-04,16.69,0.378,0.981
2022-01-05,22.13,0.37,0.979
2022-01-06,20.1,0.363,0.978
2022-01-07,16.79,0.405,0.976
2022-01-08,22.44,0.315,0.974
2022-01-09,29.02,0.454,0.972
2022-01-10,19.05,0.357,0.97
2022-01-11,23.6,0.426,0.968
2022-01-12,13.53,0.327,0.966
2022-01-13,15.22,0.423,0.963
2022-01-14,22.36,0.424,0.961
2022-01-15,27.42,0.409,0.958
2022-01-16,21.78,0.34,0.956
2022-01-17,18.43,0.402,0.953
2022-01-18,20.0,0.331,0.951
2022-01-19,13.75,0.377,0.948
2022-01-20,23.02,0.441,0.945
2022-01-21,24.41,0.43,0.943
2022-01-22,17.74,0.391,0.94
2022-01-23,17.65,0.341,0.937
2022-01-24,21.33,0.422,0.934
2022-01-25,17.82,0.391,0.931
2022-01-26,19.67,0.274,0.927
2022-01-27,30.5,0.429,0.924
2022-01-28,18.76,0.389,0.921
2022-01-29,18.21,0.45,0.918
2022-01-30,16.76,0.335,0.914
2022-01-31,23.72,0.231,0.911
2022-02-01,19.09,0.404,0.907
2022-02-02,16.75,0.405,0.903
2022-02-03,26.61,0.305,0.9
2022-02-04,27.1,80.341,0.896
2022-02-05,17.0,0.528,0.892
2022-02-06,10.67,0.375,0.888
2022-02-07,25.04,0.427,0.885
2022-02-08,16.58,0.357,0.881
2022-02-09,23.95,0.285,0.877
2022-02-10,10.15,0.381,0.873
2022-02-11,24.46,0.377,0.868
2022-02-12,13.94,0.37,0.864
2022-02-13,23.65,0.384,0.86
2022-02-14,20.07,0.403,0.856
2022-02-15,15.23,0.382,0.851
2022-02-16,17.96,0.327,0.847
2022-02-17,23.43,0.414,0.843
2022-02-18,20.53,0.293,0.838
2022-02-19,22.92,0.287,0.833
2022-02-20,29.88,0.427,0.829
2022-02-21,12.18,0.415,0.824
2022-02-22,28.09,0.387,0.82
2022-02-23,20.52,0.32,0.815
2022-02-24,15.51,0.355,0.81
2022-02-25,13.35,0.377,0.805
2022-02-26,19.05,0.31,0.8
2022-02-27,24.61,0.353,0.795
2022-02-28,19.36,0.423,0.79
2022-03-01,27.56,0.461,0.785
2022-03-02,12.74,0.369,0.78
2022-03-03,19.94,0.428,0.775
2022-03-04,13.74,0.294,0.77
2022-03-05,21.82,0.423,0.765
2022-03-06,24.43,0.35,0.76
2022-03-07,17.9,0.405,0.754
2022-03-08,6.98,0.378,0.749
2022-03-09,20.99,0.456,0.744
2022-03-10,22.18,0.346,0.738
2022-03-11,22.02,0.421,0.733
2022-03-12,26.18,0.376,0.727
2022-03-13,14.64,0.382,0.722
2022-03-14,23.4,0.381,0.716
2022-03-15,25.96,0.348,0.711
2022-03-16,11.11,0.389,0.705
2022-03-17,21.6,0.387,0.7
2022-03-18,17.48,0.402,0.694
2022-03-19,19.59,0.394,0.688
2022-03-20,21.74,0.43,0.683
2022-03-21,17.56,0.436,0.677
2022-03-22,16.62,0.337,0.671
2022-03-23,20.17,0.433,0.665
2022-03-24,14.56,0.331,0.659
2022-03-25,14.57,0.419,0.654
2022-03-26,23.4,0.421,0.648
2022-03-27,14.26,0.294,0.642
2022-03-28,23.33,0.395,0.636
2022-03-29,22.31,0.367,0.63
2022-03-30,11.37,0.352,0.624
2022-03-31,16.61,0.458,0.618
2022-04-01,25.97,0.357,0.612
2022-04-02,15.09,0.35,0.606
2022-04-03,17.68,0.394,0.6
2022-04-04,22.31,0.424,0.594
2022-04-05,23.92,0.383,0.588
2022-04-06,18.74,0.448,0.582
2022-04-07,17.01,0.417,0.576
2022-04-08,27.11,0.281,0.57
2022-04-09,28.69,0.364,0.564
2022-04-10,24.89,0.362,0.558
2022-04-11,20.43,0.414,0.552
2022-04-12,15.96,0.259,0.545
2022-04-13,15.85,0.517,0.539
2022-04-14,22.61,0.417,0.533
2022-04-15,22.09,0.397,0.527
2022-04-16,27.01,0.449,0.521
2022-04-17,23.25,0.507,0.515
2022-04-18,12.48,0.434,0.509
2022-04-19,25.26,0.437,0.502
2022-04-20,15.01,0.397,0.496
2022-04-21,18.08,0.383,0.49
2022-04-22,21.25,0.366,0.484
2022-04-23,29.98,0.349,0.478
2022-04-24,35.55,0.356,0.472
2022-04-25,23.03,0.322,0.466
2022-04-26,19.08,0.386,0.459
2022-04-27,22.67,0.306,0.453
2022-04-28,24.44,0.4,0.447
2022-04-29,18.4,0.388,0.441
2022-04-30,28.98,0.397,0.435
2022-05-01,21.15,0.364,0.429
2022-05-02,22.49,0.544,0.423
2022-05-03,23.33,0.458,0.417
2022-05-04,22.11,0.328,0.411
2022-05-05,24.19,0.402,0.405
2022-05-06,16.91,0.36,0.399
2022-05-07,17.21,0.339,0.393
2022-05-08,14.5,0.323,0.387
2022-05-09,22.2,0.412,0.381
2022-05-10,23.89,0.356,0.375
2022-05-11,22.29,0.438,0.369
2022-05-12,28.37,0.44,0.363
2022-05-13,19.97,0.459,0.357
2022-05-14,23.34,0.347,0.351
2022-05-15,14.54,0.414,0.345
2022-05-16,18.06,0.422,0.339
2022-05-17,23.48,0.366,0.334
2022-05-18,24.25,0.351,0.328
2022-05-19,18.53,0.47,0.322
2022-05-20,19.64,0.401,0.316
2022-05-21,12.41,0.422,0.311
2022-05-22,18.21,0.349,0.305
2022-05-23,24.45,0.329,0.299
2022-05-24,22.88,0.362,0.294
2022-05-25,22.5,0.384,0.288
2022-05-26,20.25,0.337,0.283
2022-05-27,20.04,0.39,0.277
2022-05-28,16.7,0.306,0.272
2022-05-29,23.49,0.334,0.266
2022-05-30,22.1,0.424,0.261
2022-05-31,22.46,0.42,0.255
2022-06-01,17.37,0.37,0.25
2022-06-02,9.23,0.339,0.245
2022-06-03,25.49,0.339,0.239
2022-06-04,17.61,0.371,0.234
2022-06-05,15.69,0.422,0.229
2022-06-06,23.47,0.436,0.224
2022-06-07,18.04,0.365,0.219
2022-06-08,25.3,0.332,0.214
2022-06-09,23.09,0.403,0.209
2022-06-10,23.42,0.349,0.204
2022-06-11,13.17,0.364,0.199
2022-06-12,26.06,0.456,0.194
2022-06-13,21.31,0.431,0.189
2022-06-14,18.15,0.398,0.184
2022-06-15,20.72,0.326,0.18
2022-06-16,11.12,0.401,0.175
2022-06-17,22.04,0.443,0.17
2022-06-18,14.85,0.371,0.166
2022-06-19,13.24,0.458,0.161
2022-06-20,12.39,0.455,0.157
2022-06-21,25.56,0.473,0.152
2022-06-22,16.85,0.405,0.148
2022-06-23,27.67,0.419,0.143
2022-06-24,17.32,0.461,0.139
2022-06-25,11.46,0.412,0.135
2022-06-26,14.42,0.365,0.131
2022-06-27,26.18,0.368,0.127
2022-06-28,19.22,0.402,0.123
2022-06-29,17.26,0.325,0.119
2022-06-30,20.8,0.383,0.115
2022-07-01,22.51,0.445,0.111
2022-07-02,25.59,0.28,0.107
2022-07-03,27.24,0.467,0.103
2022-07-04,18.2,0.446,0.099
2022-07-05,13.37,0.367,0.096
2022-07-06,17.93,0.417,0.092
2022-07-07,21.3,0.39,0.089
2022-07-08,15.18,0.451,0.085
2022-07-09,15.21,0.439,0.082
2022-07-10,21.72,0.32,0.078
2022-07-11,19.76,0.419,0.075
2022-07-12,20.16,0.38,0.072
2022-07-13,16.21,0.394,0.069
2022-07-14,18.85,0.354,0.066
2022-07-15,15.38,0.477,0.063
2022-07-16,24.45,0.442,0.06
2022-07-17,25.18,0.353,0.057
2022-07-18,10.77,0.323,0.054
2022-07-19,15.35,0.371,0.051
2022-07-20,12.52,0.412,0.049
2022-07-21,16.75,0.402,0.046
2022-07-22,19.58,0.453,0.044
2022-07-23,12.75,0.429,0.041
2022-07-24,15.39,0.438,0.039
2022-07-25,14.98,0.406,0.036
2022-07-26,21.04,0.321,0.034
2022-07-27,20.35,0.38,0.032
2022-07-28,16.39,0.443,0.03
2022-07-29,20.88,0.387,0.028
2022-07-30,17.27,0.415,0.026
2022-07-31,18.64,0.374,0.024
2022-08-01,28.37,0.339,0.022
2022-08-02,26.7,0.384,0.02
2022-08-03,13.5,0.405,0.018
2022-08-04,24.15,0.357,0.017
2022-08-05,24.06,0.378,0.015
2022-08-06,14.26,0.343,0.014
2022-08-07,24.09,0.446,0.012
2022-08-08,27.69,0.375,0.011
2022-08-09,14.39,0.463,0.01
2022-08-10,15.41,0.466,0.009
2022-08-11,25.09,0.386,0.008
2022-08-12,21.36,0.34,0.007
2022-08-13,22.76,0.286,0.006
2022-08-14,21.7,0.316,0.005
2022-08-15,21.95,0.321,0.004
2022-08-16,13.37,0.459,0.003
2022-08-17,25.24,0.396,0.003
2022-08-18,25.85,0.409,0.002
2022-08-19,18.85,0.279,0.001
2022-08-20,19.78,0.33,0.001
2022-08-21,12.34,0.434,0.001
2022-08-22,22.57,0.404,0.0
2022-08-23,22.86,0.383,0.0
2022-08-24,19.69,150.418,0.0
2022-08-25,25.62,0.472,0.0
2022-08-26,18.33,0.379,0.0
2022-08-27,22.82,0.393,0.0
2022-08-28,14.9,0.4,0.0
2022-08-29,19.88,0.51,0.001
2022-08-30,19.13,0.285,0.001
2022-08-31,21.13,0.424,0.001
2022-09-01,18.15,0.384,0.002
2022-09-02,19.34,0.418,0.002
2022-09-03,24.13,0.357,0.003
2022-09-04,17.82,0.388,0.004
2022-09-05,11.97,0.426,0.004
2022-09-06,28.75,0.546,0.005
2022-09-07,26.91,0.43,0.006
2022-09-08,13.54,0.348,0.007
2022-09-09,23.45,0.369,0.008
2022-09-10,17.49,0.367,0.009
2022-09-11,21.32,0.3,0.011
2022-09-12,21.47,0.373,0.012
2022-09-13,18.83,0.427,0.013
2022-09-14,16.08,0.326,0.015
2022-09-15,16.55,0.442,0.016
2022-09-16,15.42,0.414,0.018
2022-09-17,15.84,0.353,0.02
2022-09-18,19.66,0.383,0.021
2022-09-19,16.42,0.47,0.023
2022-09-20,23.41,0.427,0.025
2022-09-21,27.44,0.39,0.027
2022-09-22,17.1,0.378,0.029
2022-09-23,21.2,0.394,0.031
2022-09-24,22.5,0.364,0.033
2022-09-25,22.36,0.285,0.035
2022-09-26,20.38,0.492,0.038
2022-09-27,23.71,0.398,0.04
2022-09-28,22.41,0.41,0.043
2022-09-29,13.81,0.387,0.045
2022-09-30,24.35,0.353,0.048
2022-10-01,24.44,0.381,0.05
2022-10-02,16.18,0.31,0.053
2022-10-03,20.19,0.504,0.056
2022-10-04,23.42,0.328,0.059
2022-10-05,18.95,0.338,0.062
2022-10-06,25.36,0.368,0.065
2022-10-07,31.82,0.454,0.068
2022-10-08,16.07,0.391,0.071
2022-10-09,13.09,0.328,0.074
2022-10-10,21.52,0.453,0.077
2022-10-11,23.61,0.427,0.08
2022-10-12,18.85,0.417,0.084
2022-10-13,27.27,0.426,0.087
2022-10-14,13.31,0.51,0.091
2022-10-15,23.46,80.499,0.094
2022-10-16,16.97,0.356,0.098
2022-10-17,28.6,0.471,0.102
2022-10-18,29.96,0.409,0.105
2022-10-19,16.17,0.415,0.109
2022-10-20,17.25,0.305,0.113
2022-10-21,24.3,0.381,0.117
2022-10-22,18.06,0.349,0.121
2022-10-23,19.77,0.431,0.125
2022-10-24,20.13,0.444,0.129
2022-10-25,10.4,0.286,0.133
2022-10-26,19.93,0.389,0.137
2022-10-27,16.55,0.446,0.142
2022-10-28,17.53,0.381,0.146
2022-10-29,27.22,0.426,0.15
2022-10-30,13.72,0.408,0.155
2022-10-31,24.07,150.407,0.159
2022-11-01,18.61,0.376,0.164
2022-11-02,18.6,0.329,0.168
2022-11-03,23.95,0.334,0.173
2022-11-04,21.7,0.425,0.178
2022-11-05,22.85,0.391,0.182
2022-11-06,24.84,0.383,0.187
2022-11-07,18.34,0.369,0.192
2022-11-08,16.94,0.375,0.197
2022-11-09,14.57,0.442,0.202
2022-11-10,15.87,0.373,0.207
2022-11-11,34.75,0.323,0.212
2022-11-12,26.22,0.427,0.217
2022-11-13,13.24,0.38,0.222
2022-11-14,13.39,0.392,0.227
2022-11-15,22.41,0.47,0.232
2022-11-16,22.74,0.389,0.237
2022-11-17,22.74,0.404,0.243
2022-11-18,18.73,0.331,0.248
2022-11-19,19.37,0.379,0.253
2022-11-20,21.64,0.42,0.259
2022-11-21,20.43,0.312,0.264
2022-11-22,8.9,0.4,0.269
2022-11-23,18.85,0.395,0.275
2022-11-24,15.74,0.392,0.28
2022-11-25,20.88,0.442,0.286
2022-11-26,34.93,0.407,0.291
2022-11-27,21.84,0.464,0.297
2022-11-28,18.43,0.34,0.303
2022-11-29,24.61,0.397,0.308
2022-11-30,22.41,0.394,0.314
2022-12-01,22.1,0.337,0.32
2022-12-02,23.03,0.438,0.326
2022-12-03,30.28,0.506,0.331
2022-12-04,14.35,0.389,0.337
2022-12-05,22.37,0.415,0.343
2022-12-06,15.37,0.394,0.349
2022-12-07,22.78,0.354,0.355
2022-12-08,15.41,0.299,0.361
2022-12-09,17.91,0.355,0.366
2022-12-10,18.52,0.32,0.372
2022-12-11,24.88,0.475,0.378
2022-12-12,24.59,0.384,0.384
2022-12-13,13.77,0.373,0.39
2022-12-14,20.27,0.434,0.396
2022-12-15,16.45,0.334,0.402
2022-12-16,13.71,0.352,0.408
2022-12-17,18.91,0.393,0.414
2022-12-18,18.46,0.441,0.42
2022-12-19,32.13,0.415,0.427
2022-12-20,22.16,0.402,0.433
2022-12-21,13.11,0.394,0.439
2022-12-22,17.18,0.41,0.445
2022-12-23,25.11,0.4,0.451
2022-12-24,30.44,0.339,0.457
2022-12-25,12.07,0.392,0.463
2022-12-26,10.6,0.336,0.469
2022-12-27,29.35,0.394,0.475
2022-12-28,21.95,0.366,0.482
2022-12-29,15.66,0.517,0.488
2022-12-30,22.67,0.388,0.494
2022-12-31,6.82,0.32,0.5
